代碼,股票,ROE_5Y,EPS_5Y,毛利率_5Y,現金殖利率,股價,董監持股,ROE_Test,EPS_Test,毛利率_Test,現金殖利率_Test,股價_Test,董監持股_Test,符合數量,正負樣本
1101,台泥,11,3.69,26.64,5.87,39.85,8.38,1,1,1,1,1,0,5,1
1102,亞泥,9.81,4.05,24.67,6.29,44.05,27.37,0,1,1,1,1,1,5,1
1103,嘉泥,5.24,1.65,6.44,5.1,17.85,17.15,0,1,0,1,1,1,4,0
1104,環泥,6.66,1.82,14.24,4.79,21.7,24.16,0,1,0,0,1,1,3,0
1108,幸福,1.71,0.21,8.77,5.47,10.6,3.95,0,1,0,1,1,0,3,0
1109,信大,14.89,2.4,30.69,5.75,17.4,36.22,1,1,1,1,1,1,6,1
1110,東泥,0.72,0.12,4.56,0.65,18.35,34.67,0,1,0,0,1,1,3,0
1203,味王,12,1.86,32.54,3.41,32.3,28.84,1,1,1,0,1,1,5,1
1210,大成,12.03,3.05,13.62,4.11,48.2,12.98,1,1,0,0,1,1,4,0
1213,大飲,-9.02,-0.89,4.96,0,7.58,12.91,0,0,0,0,1,1,2,-1
1215,卜蜂,18.56,5.12,14.81,4.37,80.1,10,1,1,0,0,0,0,2,-1
1216,統一,19.92,4.14,33.73,4.75,66.9,10.05,1,1,1,0,1,1,5,1
1217,愛之味,2.25,0.27,31.77,0.62,9.67,10.24,0,1,1,0,1,1,4,0
1218,泰山,9.53,1.22,17.74,2.52,35.7,35.9,0,1,0,0,1,1,3,0
1219,福壽,4.47,0.79,8.7,2.79,20.8,6.9,0,1,0,0,1,0,2,-1
1220,台榮,5.92,0.74,13.71,4.44,15.55,21.34,0,1,0,0,1,1,3,0
1225,福懋油,10.42,1.53,9.28,2.57,52.2,22.67,1,1,0,0,1,1,4,0
1227,佳格,17.48,3.13,28.16,5.65,40.9,3.2,1,1,1,1,1,0,5,1
1229,聯華,10.09,2.66,20.74,3.05,55.7,24.8,1,1,1,0,1,1,5,1
1231,聯華食,16.23,3.31,21.73,2.16,73.1,21.78,1,1,1,0,1,1,5,1
1232,大統益,25.42,6.54,11.65,3.45,156.5,66.07,1,1,0,0,0,1,3,0
1233,天仁,7.91,1.34,57.08,4.39,33.45,11.07,0,1,1,0,1,1,4,0
1234,黑松,4.23,1.88,26.54,4.96,33.5,12.06,0,1,1,0,1,1,4,0
1235,興泰,3.44,1.69,37.44,1.06,57.8,11.62,0,1,1,0,1,1,4,0
1236,宏亞,0.09,0.01,26.96,1.27,25.2,24.47,0,1,1,0,1,1,4,0
1301,台塑,13.01,7.15,18.26,6,88.3,14.93,1,1,0,1,0,1,4,0
1303,南亞,12.88,5.98,16.11,6.61,67.2,18.26,1,1,0,1,1,1,5,1
1304,台聚,10.47,1.97,15.9,3.76,22.85,24.42,1,1,0,0,1,1,4,0
1305,華夏,16.66,2.7,19.82,6.72,23.2,33.13,1,1,0,1,1,1,5,1
1307,三芳,4.7,0.99,22.5,3.7,21.65,9.47,0,1,1,0,1,0,3,0
1308,亞聚,9.89,2.04,17.6,3.86,27.45,38.36,0,1,0,0,1,1,3,0
1309,台達化,18.21,2.76,11.11,4.24,22.15,37.49,1,1,0,0,1,1,4,0
1310,台苯,9.14,1.34,8.12,7.39,14.2,4.54,0,1,0,1,1,0,3,0
1312,國喬,13.74,4.03,16.97,5.31,18.45,5.38,1,1,0,1,1,0,4,0
1314,中石化,5.13,1.21,9.95,6.8,10.15,6.91,0,1,0,1,1,0,3,0
1315,達新,13.36,7.55,16.17,4.41,68,17.13,1,1,0,0,1,1,4,0
1316,上曜,4.27,0.66,23.2,5.41,15.35,9.14,0,1,1,1,1,0,4,0
1319,東陽,6.99,2.63,22.19,2.61,55.1,18.4,0,1,1,0,1,1,4,0
1321,大洋,3.18,0.9,6.71,0.94,36.1,5.89,0,1,0,0,1,0,2,-1
1323,永裕,14.85,3.1,24.13,4.73,33.4,12.99,1,1,1,0,1,1,5,1
1324,地球,1.63,0.22,15.98,2.56,10.95,8.06,0,1,0,0,1,0,2,-1
1325,恆大,17.53,5.61,27.85,11.43,26.5,28.62,1,1,1,1,1,1,6,1
1326,台化,10.36,6.5,12.88,7.14,68.1,5.72,1,1,0,1,1,0,4,0
1337,再生-KY,-11.37,-3.06,-24.86,3.47,6.62,14.46,0,0,0,0,1,1,2,-1
1338,廣華-KY,6.78,5.62,24.05,6.63,54.3,17.29,0,1,1,1,1,1,5,1
1339,昭輝,6.77,3.27,28.15,4.64,43.1,42.77,0,1,1,0,1,1,4,0
1340,勝悅-KY,-1.69,-0.24,-13,9.4,10,0,0,0,0,1,1,0,2,-1
1341,富林-KY,25.92,5.71,20.87,5.88,68,1.64,1,1,1,1,1,0,5,1
1402,遠東新,5.81,1.95,19.83,4.62,31.8,27.07,0,1,0,0,1,1,3,0
1410,南染,7.1,1.18,37.42,2.86,41.25,17.35,0,1,1,0,1,1,4,0
1413,宏洲,7.79,0.56,4.13,0,11.25,43.25,0,1,0,0,1,1,3,0
1416,廣豐,0.12,0.07,-61.15,11.91,10.75,8.17,0,1,0,1,1,0,3,0
1417,嘉裕,-3.62,-0.4,24.97,3.47,10.65,11.6,0,0,1,0,1,1,3,0
1418,東華,-60.82,-4.53,-113.93,0,15.45,54.65,0,0,0,0,1,1,2,-1
1423,利華,4.52,0.86,-16.51,4.56,19.5,25.88,0,1,0,0,1,1,3,0
1432,大魯閣,-16.24,-1.41,73.41,6.3,12.7,11.03,0,0,1,1,1,1,4,0
1439,中和,6.67,1.68,1.5,6.72,19.95,10.38,0,1,0,1,1,1,4,0
1440,南紡,4.49,0.7,10.77,2.32,18.1,15.82,0,1,0,0,1,1,3,0
1441,大東,-5.38,0.31,-1.69,2.93,8.18,24.17,0,1,0,0,1,1,3,0
1442,名軒,5,0.88,21.33,3.89,28.25,4.23,0,1,1,0,1,0,3,0
1443,立益,-28.77,-0.56,18.36,0,20.85,18.26,0,0,0,0,1,1,2,-1
1444,力麗,0.79,0.16,7.52,3.74,11.75,19.56,0,1,0,0,1,1,3,0
1445,大宇,-1.62,-0.2,4.54,1.42,15.45,27.81,0,0,0,0,1,1,2,-1
1446,宏和,-1.13,-0.13,19.03,0.82,36.5,9.41,0,0,0,0,1,0,1,-1
1447,力鵬,-0.77,-0.1,3.26,0.43,9.2,22.04,0,0,0,0,1,1,2,-1
1449,佳和,-7.07,-0.34,7.13,0,13.7,6.82,0,0,0,0,1,0,1,-1
1451,年興,1.03,0.34,6.65,5.18,25.5,18.57,0,1,0,1,1,1,4,0
1453,大將,6.38,0.84,-3.3,0,20.4,18.39,0,1,0,0,1,1,3,0
1454,台富,0.51,0.06,7.41,2.04,13.25,8.24,0,1,0,0,1,0,2,-1
1455,集盛,2.9,0.38,4.09,3.88,10.3,22.06,0,1,0,0,1,1,3,0
1456,怡華,8.39,1.28,19.49,1.81,16.55,47.63,0,1,0,0,1,1,3,0
1459,聯發,1.33,0.06,-0.07,3,9.32,14.96,0,1,0,0,1,1,3,0
1463,強盛,9.71,1.33,28.09,8.09,14.1,13.56,0,1,1,1,1,1,5,1
1464,得力,4.66,0.67,16.69,7.69,14.95,8.68,0,1,0,1,1,0,3,0
1465,偉全,7.99,0.43,9.22,4.23,13.25,16.74,0,1,0,0,1,1,3,0
1466,聚隆,0.14,0.02,9.06,6.9,11.45,19.78,0,1,0,1,1,1,4,0
1467,南緯,-1.46,-0.16,20.02,3.39,11.8,46.04,0,0,1,0,1,1,3,0
1470,大統新創,5.55,0.62,21.86,3.04,19.1,21.51,0,1,1,0,1,1,4,0
1471,首利,-11.2,-0.86,-1.29,0,9,13.19,0,0,0,0,1,1,2,-1
1472,三洋實業,-29.36,-2.26,7.4,0,25,12.17,0,0,0,0,1,1,2,-1
1473,台南,-1.86,-0.33,12.8,1.71,21.05,21.29,0,0,0,0,1,1,2,-1
1474,弘裕,5.07,0.81,12.63,4,12,13.54,0,1,0,0,1,1,3,0
1476,儒鴻,24.1,15.41,28.06,2.32,469.5,16.19,1,1,1,0,0,1,4,0
1477,聚陽,19.55,8.52,20.83,3.6,198,9.86,1,1,1,0,0,0,3,0
1503,士電,6.69,2.97,18.56,2.51,62.1,26.69,0,1,0,0,1,1,3,0
1504,東元,6.14,1.8,23.94,3.6,29.15,8.06,0,1,1,0,1,0,3,0
1506,正道,-16.45,-1.1,8.88,0,16.3,32.81,0,0,0,0,1,1,2,-1
1512,瑞利,-71.55,-1.47,3.53,6.12,3.27,20.81,0,0,0,1,1,1,3,0
1513,中興電,11.32,2.37,18.75,2.45,66.9,9.97,1,1,0,0,1,0,3,0
1514,亞力,8.45,1.24,16.51,2.15,31.2,13.27,0,1,0,0,1,1,3,0
1515,力山,23.75,4.2,18.65,7.6,33.7,11.92,1,1,0,1,1,1,5,1
1516,川飛,6.87,0.8,3.94,1.6,24.95,13.82,0,1,0,0,1,1,3,0
1517,利奇,4.34,0.61,13.63,1.48,24.4,10.6,0,1,0,0,1,1,3,0
1519,華城,7.77,1,14.05,1.99,40.25,19.04,0,1,0,0,1,1,3,0
1521,大億,15.18,3.73,15.33,8.48,35.15,32.55,1,1,0,1,1,1,5,1
1522,堤維西,7.37,1.56,21.12,3.69,29.3,8.34,0,1,1,0,1,0,3,0
1524,耿鼎,5.5,0.69,18.78,1.41,26.3,25.19,0,1,0,0,1,1,3,0
1525,江申,9.52,5.21,9.16,3.38,62.1,77.84,0,1,0,0,1,1,3,0
1526,日馳,16.22,2.82,25.68,2.47,58.3,28,1,1,1,0,1,1,5,1
1527,鑽全,14.53,3.88,26.9,5.46,41.55,14.44,1,1,1,1,1,1,6,1
1528,恩德,-0.13,-0.02,26.65,1.83,10.95,10.03,0,0,1,0,1,1,3,0
1529,樂士,7.89,0.61,20.35,1.61,17.4,22.23,0,1,1,0,1,1,4,0
1530,亞崴,8.65,2.36,18.49,5.42,32.3,59.07,0,1,0,1,1,1,4,0
1531,高林股,2.28,0.47,18.67,3.38,14.2,23.56,0,1,0,0,1,1,3,0
1532,勤美,8.01,2.47,25.18,5.63,29.3,19.95,0,1,1,1,1,1,5,1
1533,車王電,3.66,1.53,32.38,0.72,58.6,33.32,0,1,1,0,1,1,4,0
1535,中宇,6.63,1.64,6.39,3.35,44.75,60.46,0,1,0,0,1,1,3,0
1536,和大,11.84,2.91,28.19,2.61,89.5,12.09,1,1,1,0,0,1,4,0
1537,廣隆,22.77,10.74,22.37,6.6,141,16.88,1,1,1,1,0,1,5,1
1539,巨庭,8.88,1.68,10.71,3.01,37.2,15.01,0,1,0,0,1,1,3,0
1540,喬福,3.83,0.64,22.37,5.1,15.3,20.89,0,1,1,1,1,1,5,1
1541,錩泰,17.38,3.1,16.15,6.33,35.7,31.97,1,1,0,1,1,1,5,1
1558,伸興,14.84,11.51,24.88,7.23,128,10.58,1,1,1,1,0,1,5,1
1560,中砂,14.61,4.47,30.69,2.12,145.5,14.91,1,1,1,0,0,1,4,0
1568,倉佑,4.54,0.69,12.8,1.76,29,18.91,0,1,0,0,1,1,3,0
1582,信錦,13.49,5.75,22.93,7.87,66.8,12.79,1,1,1,1,1,1,6,1
1587,吉茂,5.4,1.01,22.96,2.65,26.8,28.48,0,1,1,0,1,1,4,0
1589,永冠-KY,2.05,1.62,18.96,2.75,53.9,11.11,0,1,0,0,1,1,3,0
1590,亞德客-KY,20.7,21.36,49,1.02,772,4.05,1,1,1,0,0,0,3,0
1597,直得,15.27,3.78,43.35,1.62,73.9,14.1,1,1,1,0,1,1,5,1
1598,岱宇,11.06,3.36,32.34,5.74,41.65,8.8,1,1,1,1,1,0,5,1
1603,華電,4.83,1.58,13.01,2.16,27.8,12.55,0,1,0,0,1,1,3,0
1604,聲寶,14.42,2.71,18.22,6.01,27.6,5.5,1,1,0,1,1,0,4,0
1608,華榮,6.86,1.1,5.16,6.14,14,33.58,0,1,0,1,1,1,4,0
1609,大亞,10.01,1.25,8.46,1.65,20.05,5.53,1,1,0,0,1,0,3,0
1611,中電,7.58,0.95,24.64,3.99,16.3,6.14,0,1,1,0,1,0,3,0
1612,宏泰,12.62,2.37,9.3,6.73,15.75,12.41,1,1,0,1,1,1,5,1
1614,三洋電,5.27,1.07,20.08,2.58,35.6,33.38,0,1,1,0,1,1,4,0
1615,大山,14.56,2.24,13.05,4.24,30.4,16.67,1,1,0,0,1,1,4,0
1616,億泰,-0.69,-0.06,5.43,0,8.1,10.44,0,0,0,0,1,1,2,-1
1617,榮星,8.87,1.08,13.25,4.33,15.25,46.1,0,1,0,0,1,1,3,0
1618,合機,2.86,0.53,8.77,2.63,12.95,35.37,0,1,0,0,1,1,3,0
1626,艾美特-KY,0.68,0.19,16.38,5.23,19.3,26.18,0,1,0,1,1,1,4,0
1701,中化,6.94,1.44,35.65,3.61,22.7,17.61,0,1,1,0,1,1,4,0
1702,南僑,15.7,4.03,33.25,5.07,45.75,17.62,1,1,1,1,1,1,6,1
1707,葡萄王,26.61,9.48,81.57,4.4,146.5,20.07,1,1,1,0,0,1,4,0
1708,東鹼,6.85,1.79,26.22,2.1,49.6,11.89,0,1,1,0,1,1,4,0
1709,和益,7.17,1.14,16.75,4.36,24.75,18.65,0,1,0,0,1,1,3,0
1710,東聯,4.84,0.77,8.14,5.21,18.05,10.44,0,1,0,1,1,1,4,0
1711,永光,4.41,0.66,22.02,2.09,20.1,16.1,0,1,1,0,1,1,4,0
1712,興農,10.5,1.75,27.16,2.96,45.2,14.85,1,1,1,0,1,1,5,1
1713,國化,4.6,0.71,13.16,2.61,24.95,12.98,0,1,0,0,1,1,3,0
1714,和桐,6.61,0.6,12.57,3.34,9.29,10.01,0,1,0,0,1,1,3,0
1717,長興,10.51,1.96,19.71,3.61,32.15,15.95,1,1,0,0,1,1,4,0
1720,生達,11.69,2.62,44.32,3.67,48.55,19.83,1,1,1,0,1,1,5,1
1721,三晃,4.47,0.48,7.34,1.66,16.85,9.36,0,1,0,0,1,0,2,-1
1722,台肥,4.51,2.34,21.9,3.75,61.8,24.07,0,1,1,0,1,1,4,0
1723,中碳,16.35,4.98,23.25,3.77,115,34,1,1,1,0,0,1,4,0
1725,元禎,7.25,1.32,4.71,4.01,23.2,11.45,0,1,0,0,1,1,3,0
1726,永記,9.21,4.86,25.55,4.83,71.2,21.08,0,1,1,0,1,1,4,0
1727,中華化,3.84,0.53,13.32,1.66,30.15,24.88,0,1,0,0,1,1,3,0
1730,花仙子,18.9,4.62,44.15,5.75,57,22.95,1,1,1,1,1,1,6,1
1731,美吾華,6.59,0.9,58.27,4.13,18.65,35.35,0,1,1,0,1,1,4,0
1732,毛寶,4.23,0.46,42.66,1.31,35.95,18.27,0,1,1,0,1,1,4,0
1733,五鼎,6.98,1.19,25.53,4.33,27,10.03,0,1,1,0,1,1,4,0
1734,杏輝,-4.48,-0.01,37.54,0.55,32.8,14.92,0,0,1,0,1,1,3,0
1735,日勝化,3.83,0.55,15.87,3.09,14.9,58.94,0,1,0,0,1,1,3,0
1736,喬山,5.94,1.67,47.04,1.18,67.1,62.94,0,1,1,0,1,1,4,0
1752,南光,8.19,1.75,33.91,4.08,38.7,12.77,0,1,1,0,1,1,4,0
1773,勝一,21.2,6.51,27.35,2.84,129,45.85,1,1,1,0,0,1,4,0
1776,展宇,6.4,0.88,17.1,6.23,18.15,8.75,0,1,0,1,1,0,3,0
1783,和康生,6.44,0.81,45.22,1.02,46.3,37.87,0,1,1,0,1,1,4,0
1786,科妍,7.38,1.54,67.17,2.37,46.8,13.73,0,1,1,0,1,1,4,0
1789,神隆,3.08,0.41,43.52,1.56,28.15,64.4,0,1,1,0,1,1,4,0
1802,台玻,6.39,1.08,17.92,3.84,16.65,30.09,0,1,0,0,1,1,3,0
1805,寶徠,-8.24,-0.61,14.47,0.83,12,16.43,0,0,0,0,1,1,2,-1
1806,冠軍,-1.45,-0.23,23.22,7.62,8.66,6.94,0,0,1,1,1,0,3,0
1808,潤隆,17.52,3.44,19.95,4.49,70.2,10.04,1,1,0,0,1,1,4,0
1809,中釉,-0.81,-0.09,19.01,1.72,12.2,14.19,0,0,0,0,1,1,2,-1
1810,和成,5.93,0.8,25.21,2.1,10.5,8.37,0,1,1,0,1,0,3,0
1817,凱撒衛,13.58,3.13,32.32,5.75,35.85,15.21,1,1,1,1,1,1,6,1
1903,士紙,-4.4,-0.44,33.51,0,56.1,5.85,0,0,1,0,1,0,2,-1
1904,正隆,12.44,2.74,22.08,4.96,27,12.32,1,1,1,0,1,1,5,1
1905,華紙,1.22,0.2,8.69,2.52,17.45,57.63,0,1,0,0,1,1,3,0
1906,寶隆,4.21,1.75,7.27,3.05,19.65,29.54,0,1,0,0,1,1,3,0
1907,永豐餘,7.88,1.9,18.37,4.14,23.7,5.79,0,1,0,0,1,0,2,-1
1909,榮成,7.11,1.48,16.05,5.74,15.15,36.49,0,1,0,1,1,1,4,0
2002,中鋼,7.52,1.46,11.26,3.97,29.25,20.15,0,1,0,0,1,1,3,0
2007,燁興,-4.56,-0.48,1.87,0.36,11.2,73.56,0,0,0,0,1,1,2,-1
2008,高興昌,-3.97,-0.49,2.16,0,17.05,34.45,0,0,0,0,1,1,2,-1
2009,第一銅,3.31,0.42,2.85,2.97,25.6,39.44,0,1,0,0,1,1,3,0
2010,春源,4.74,0.81,6.73,4.02,16.15,19.48,0,1,0,0,1,1,3,0
2012,春雨,11.96,1.56,16.37,3.95,23.3,29.34,1,1,0,0,1,1,4,0
2013,中鋼構,6.31,1.49,3.38,2.23,56.5,43.17,0,1,0,0,1,1,3,0
2014,中鴻,16.88,1.75,7.94,3.14,24.2,40.59,1,1,0,0,1,1,4,0
2017,官田鋼,3.83,0.61,13.62,2.99,14.05,23.02,0,1,0,0,1,1,3,0
2022,聚亨,-2.64,-0.28,7.24,0,8.22,5.67,0,0,0,0,1,0,1,-1
2023,燁輝,3.7,0.66,8.14,1.86,15.05,4.36,0,1,0,0,1,0,2,-1
2024,志聯,6.19,0.75,12.44,3.3,19.4,30.4,0,1,0,0,1,1,3,0
2025,千興,-10.03,-0.34,-4.19,0,4.65,12.82,0,0,0,0,1,1,2,-1
2027,大成鋼,12.36,2.78,20.57,3.79,39.1,6.53,1,1,1,0,1,0,4,0
2028,威致,28.03,2.22,8.86,1.89,26.5,13.22,1,1,0,0,1,1,4,0
2029,盛餘,5.22,1.49,9.82,4.05,25.65,65.76,0,1,0,0,1,1,3,0
2030,彰源,13.24,1.91,12.72,4.04,24.75,24.03,1,1,0,0,1,1,4,0
2031,新光鋼,14.71,3.67,11.13,5.26,38.8,15.28,1,1,0,1,1,1,5,1
2032,新鋼,3.75,0.49,5.59,2.26,20.35,26.16,0,1,0,0,1,1,3,0
2033,佳大,2.14,0.26,11.78,1.63,14.75,14.29,0,1,0,0,1,1,3,0
2034,允強,9.91,1.93,11.24,5.32,30.45,17.63,0,1,0,1,1,1,4,0
2038,海光,0.71,0.2,2.22,3.16,21.55,32.67,0,1,0,0,1,1,3,0
2059,川湖,14.48,15.7,52.96,1.76,450,16.59,1,1,1,0,0,1,4,0
2062,橋椿,2.65,0.89,12.86,1.11,23.35,14.93,0,1,0,0,1,1,3,0
2069,運錩,11,2.5,8.01,6.42,22.75,28.44,1,1,0,1,1,1,5,1
2101,南港,4.76,0.64,18.67,1.24,38.65,4.28,0,1,0,0,1,0,2,-1
2102,泰豐,-13.11,-2.1,2.03,0.61,21.15,34.75,0,0,0,0,1,1,2,-1
2103,台橡,8.7,1.63,13.4,3.76,27.65,14.15,0,1,0,0,1,1,3,0
2105,正新,5.89,1.47,22.8,3.61,34.9,8.1,0,1,1,0,1,0,3,0
2106,建大,4.11,0.88,20.6,2.8,32.9,25.02,0,1,1,0,1,1,4,0
2107,厚生,4.76,1.5,28.75,4.53,21.4,24.6,0,1,1,0,1,1,4,0
2108,南帝,28.01,5.98,33.14,7.85,40.5,38.06,1,1,1,1,1,1,6,1
2109,華豐,1.21,-0.21,20.27,2.57,14.8,14.9,0,0,1,0,1,1,3,0
2114,鑫永銓,21.09,7.26,38.13,4.86,111,15.5,1,1,1,0,0,1,4,0
2115,六暉-KY,14.16,3.86,23.74,5.12,32,7.72,1,1,1,1,1,0,5,1
2201,裕隆,-1.34,-1.21,20.43,2.01,42.35,35.88,0,0,1,0,1,1,3,0
2204,中華,5.69,3.39,16.53,7.46,47.2,47.64,0,1,0,1,1,1,4,0
2208,台船,-34.07,-4.81,-12.94,3.68,17.95,41.2,0,0,0,0,1,1,2,-1
2227,裕日車,27.83,19.59,15.16,8.65,202.5,87.83,1,1,0,1,0,1,4,0
2228,劍麟,10.85,5.4,25.65,4.9,74.7,25.59,1,1,1,0,1,1,5,1
2231,為升,19.07,6.75,46.26,2.95,165,23.1,1,1,1,0,0,1,4,0
2233,宇隆,14.97,7.08,35.72,3.74,108,4.74,1,1,1,0,0,0,3,0
2236,百達-KY,7.23,2.01,26.51,4.81,21.6,20.94,0,1,1,0,1,1,4,0
2239,英利-KY,8.89,6.96,17.57,4.02,75.8,39.02,0,1,0,0,1,1,3,0
2241,艾姆勒,0.65,0.03,20.48,0.91,33,12.99,0,1,1,0,1,1,4,0
2243,宏旭-KY,-14.02,-2.15,3.88,2,15,26.5,0,0,0,0,1,1,2,-1
2247,汎德永業,10.21,12.79,11.81,4.59,204.5,35.06,1,1,0,0,0,1,3,0
2301,光寶科,11.79,3.78,15.46,3.67,68.7,5.9,1,1,0,0,1,0,3,0
2302,麗正,2.15,0.22,33.9,1.46,17.75,25.73,0,1,1,0,1,1,4,0
2303,聯電,8.17,1.84,20.69,3.41,39.3,6.32,0,1,1,0,1,0,3,0
2305,全友,5.45,0.52,32.17,0,35.55,21.54,0,1,1,0,1,1,4,0
2308,台達電,14.87,8.62,28.26,1.94,268,7.33,1,1,1,0,0,0,3,0
2312,金寶,1.94,0.23,6.31,2.15,13,9.28,0,1,0,0,1,0,2,-1
2313,華通,15.24,3.29,16.66,2.53,51.4,9.26,1,1,0,0,1,0,3,0
2314,台揚,-3.21,-0.28,15.39,0.2,48.9,23.97,0,0,0,0,1,1,2,-1
2316,楠梓電,4.89,1.79,6.69,6.19,27.45,19.61,0,1,0,1,1,1,4,0
2317,鴻海,9.97,8.35,6.06,3.63,107,12.58,0,1,0,0,0,1,2,-1
2321,東訊,-8.72,-0.42,14.59,0,6.34,30.87,0,0,0,0,1,1,2,-1
2323,中環,-0.23,0.01,13.57,2.59,7.72,9.14,0,1,0,0,1,0,2,-1
2324,仁寶,8.35,2,3.39,6.26,23,5.45,0,1,0,1,1,0,3,0
2327,國巨,33.2,37.27,42.28,5.55,335,7.57,1,1,1,1,0,0,4,0
2328,廣宇,8.46,1.75,9.52,2.66,34.15,3.91,0,1,0,0,1,0,2,-1
2330,台積電,25.2,16.61,49.94,0.58,475,6.56,1,1,1,0,0,0,3,0
2331,精英,0.8,0.15,9.57,9.52,25.2,31.03,0,1,0,1,1,1,4,0
2332,友訊,2.48,0.27,28.43,1.61,17.4,5.3,0,1,1,0,1,0,3,0
2337,旺宏,22.32,3.82,35.49,3.97,32.25,2.76,1,1,1,0,1,0,4,0
2338,光罩,9.96,2.37,19.99,1.57,71.8,7.44,0,1,0,0,1,0,2,-1
2340,台亞,8.63,1.58,30.33,5.08,36.4,23.97,0,1,1,1,1,1,5,1
2342,茂矽,1.96,0.33,18.34,0.61,40.85,31.36,0,1,0,0,1,1,3,0
2344,華邦電,9.29,1.5,33.79,3.11,21.2,30.14,0,1,1,0,1,1,4,0
2345,智邦,33.7,7.29,19.57,1.98,270.5,1.77,1,1,0,0,0,0,2,-1
2347,聯強,17.49,5.39,4.09,5.39,56,22.61,1,1,0,1,1,1,5,1
2348,海悅,35.13,8.96,53.14,5.28,72.9,13.5,1,1,1,1,1,1,6,1
2349,錸德,-10.62,-1.19,9.03,0,8.15,3.27,0,0,0,0,1,0,1,-1
2351,順德,11.94,3.56,17.99,2.02,118,9.92,1,1,0,0,0,0,2,-1
2352,佳世達,13.25,2.66,13.25,4.79,29,17.6,1,1,0,0,1,1,4,0
2353,宏碁,8.39,1.69,10.89,5.56,21.75,3.67,0,1,0,1,1,0,3,0
2354,鴻準,6.22,5.01,8.45,5.32,48.1,0.83,0,1,0,1,1,0,3,0
2355,敬鵬,3.4,1.36,8.78,3.19,29.75,11.66,0,1,0,0,1,1,3,0
2356,英業達,9.33,1.83,4.61,6.55,23.5,12.46,0,1,0,1,1,1,4,0
2357,華碩,10.76,27.74,16.39,9,249,5.7,1,1,0,1,0,0,3,0
2358,廷鑫,4.56,0.56,8.49,0.73,15,10.53,0,1,0,0,1,1,3,0
2359,所羅門,4.09,1.03,20.42,3.28,26.2,23.75,0,1,1,0,1,1,4,0
2360,致茂,18.32,6.53,47.09,2.51,184.5,4.96,1,1,1,0,0,0,3,0
2362,藍天,2.77,1.87,22.77,2.84,34.9,9.1,0,1,1,0,1,0,3,0
2363,矽統,-2.25,-0.28,33.86,3.12,18.6,24.31,0,0,1,0,1,1,3,0
2364,倫飛,-16.2,-0.13,25.9,0.21,96.1,31.9,0,0,1,0,0,1,2,-1
2365,昆盈,3.05,0.42,25.66,2.59,10.8,6.26,0,1,1,0,1,0,3,0
2367,燿華,2.8,0.48,10.1,2.44,23.75,6.61,0,1,0,0,1,0,2,-1
2369,菱生,0.54,0.05,7.75,3.69,14.9,4.71,0,1,0,0,1,0,2,-1
2371,大同,-17.63,-0.47,12.53,0,32.95,1.57,0,0,0,0,1,0,1,-1
2373,震旦行,19.07,6.43,44.02,7.23,83,52.63,1,1,1,1,0,1,5,1
2374,佳能,-0.73,-0.3,15.2,2.74,22.6,10.52,0,0,0,0,1,1,2,-1
2376,技嘉,17.5,7.88,18.11,6.08,86.2,10.79,1,1,0,1,0,1,4,0
2377,微星,24.44,9.81,14.88,5.18,117,13.95,1,1,0,1,0,1,4,0
2379,瑞昱,28.07,15.78,44.91,3.89,331.5,6.21,1,1,1,0,0,0,3,0
2380,虹光,-20.98,-1.88,21.49,1.25,13.55,8.84,0,0,1,0,1,0,2,-1
2382,廣達,14.37,5.42,5.15,5.63,79.8,13.04,1,1,0,1,1,1,5,1
2383,台光電,23.94,10.44,24.25,3.69,170,9.23,1,1,1,0,0,0,3,0
2385,群光,19.26,7.22,17.11,6.3,81.7,10.47,1,1,0,1,0,1,4,0
2387,精元,7.13,2.65,13.33,3.79,39.1,32.21,0,1,0,0,1,1,3,0
2388,威盛,21.42,3.58,31.22,0.45,79.5,9.43,1,1,1,0,1,0,4,0
2390,云辰,6.63,1.06,17.01,2.46,14.25,29.14,0,1,0,0,1,1,3,0
2392,正崴,4.13,2.77,10.25,5.49,36.45,20.25,0,1,0,1,1,1,4,0
2393,億光,6.94,2.71,24.6,6.16,37.85,7,0,1,1,1,1,0,4,0
2395,研華,22.62,9.69,38.82,2.31,313.5,29.92,1,1,1,0,0,1,4,0
2397,友通,14.27,4.67,26.89,7.42,56.9,45.08,1,1,1,1,1,1,6,1
2399,映泰,4.17,0.41,12.95,4.98,14.05,7.53,0,1,0,0,1,0,2,-1
2401,凌陽,6.04,0.66,44.1,3.14,24.85,17.36,0,1,1,0,1,1,4,0
2402,毅嘉,1.48,0.28,9.32,4.5,18,14.22,0,1,0,0,1,1,3,0
2404,漢唐,31.97,13,17.08,7.49,158,9.02,1,1,0,1,0,0,3,0
2405,浩鑫,-0.13,-0.02,25.12,1.73,15,7.34,0,0,1,0,1,0,2,-1
2406,國碩,-16.37,-2.67,6.73,2.41,20.75,7.75,0,0,0,0,1,0,1,-1
2408,南亞科,17.74,8.06,40.15,6.69,51.1,29.35,1,1,1,1,1,1,6,1
2409,友達,7.62,1.84,12.02,4.15,17.35,7.08,0,1,0,0,1,0,2,-1
2412,中華電,9.51,4.55,35,3.71,121,35.29,0,1,1,0,0,1,3,0
2413,環科,-3.33,-0.43,15.14,0.86,23.2,30.99,0,0,0,0,1,1,2,-1
2414,精技,10.95,2.13,8.76,5.73,31.25,33.29,1,1,0,1,1,1,5,1
2415,錩新,7.09,1.38,26.54,3.03,27.7,10.91,0,1,1,0,1,1,4,0
2417,圓剛,8.29,1.29,50.78,1.97,24.9,17.29,0,1,1,0,1,1,4,0
2419,仲琦,7.26,0.86,20.77,3.05,28.5,90.7,0,1,1,0,1,1,4,0
2420,新巨,15.79,3.24,37.65,6.38,40.9,22.71,1,1,1,1,1,1,6,1
2421,建準,15.18,2.57,21.35,4.99,39.65,7.5,1,1,1,0,1,0,4,0
2423,固緯,12.41,1.97,49.83,5.87,25.55,8.94,1,1,1,1,1,0,5,1
2425,承啟,7.31,1.14,7.51,2.28,26.75,28.71,0,1,0,0,1,1,3,0
2426,鼎元,9.28,1.3,19.3,4.53,17.45,8.01,0,1,0,0,1,0,2,-1
2427,三商電,5.21,0.62,29.42,2.62,12.6,53.44,0,1,1,0,1,1,4,0
2428,興勤,18.97,9.59,40.35,3.4,139,21.26,1,1,1,0,0,1,4,0
2429,銘旺科,-20.04,-1.64,10.71,0,12.7,27.59,0,0,0,0,1,1,2,-1
2430,燦坤,6.91,2.01,15.5,3.58,46.7,44.89,0,1,0,0,1,1,3,0
2431,聯昌,-0.69,-0.1,8.9,3.28,11.6,34.79,0,0,0,0,1,1,2,-1
2433,互盛電,12.49,3.9,30.21,7.38,48.5,27.31,1,1,1,1,1,1,6,1
2434,統懋,-31.59,-1.73,-28.21,0,29.7,79.31,0,0,0,0,1,1,2,-1
2438,翔耀,0.5,-0.32,27.32,0,14.15,39.55,0,0,1,0,1,1,3,0
2439,美律,19.07,10.74,13.85,9.2,89.2,8.43,1,1,0,1,0,0,3,0
2440,太空梭,5.76,0.5,7.42,1,13.05,40.19,0,1,0,0,1,1,3,0
2441,超豐,16.45,4.94,27.33,5.59,57.6,43.93,1,1,1,1,1,1,6,1
2442,新美齊,9.06,1.26,21.56,1.38,12.3,27.33,0,1,1,0,1,1,4,0
2443,昶虹,-32.98,-1.98,-9.78,0,3.15,9.33,0,0,0,0,1,0,1,-1
2450,神腦,8.99,2.1,11.48,6.03,31.7,33.53,0,1,0,1,1,1,4,0
2451,創見,10.31,4.74,24.01,7.58,64.8,3.9,1,1,1,1,1,0,5,1
2453,凌群,7.1,1.34,22.78,4.45,25.15,21.94,0,1,1,0,1,1,4,0
2454,聯發科,12.96,28.02,41.38,4.48,623,2.68,1,1,1,0,0,0,3,0
2455,全新,18.85,2.92,39.49,4.12,68.5,6.08,1,1,1,0,1,0,4,0
2457,飛宏,-2.89,-0.44,12.21,5.04,37.3,28.33,0,0,0,1,1,1,3,0
2459,敦吉,10.77,4.32,16.86,6.11,51.7,14.26,1,1,0,1,1,1,5,1
2460,建通,-0.54,-0.09,11.5,3.49,15.75,52.81,0,0,0,0,1,1,2,-1
2461,光群雷,3.05,0.82,22.3,3.76,18.1,8.27,0,1,1,0,1,0,3,0
2464,盟立,15.79,3.17,18.95,5.82,39.55,13.36,1,1,0,1,1,1,5,1
2466,冠西電,1.11,0.12,10.92,0,32.75,10.27,0,1,0,0,1,1,3,0
2467,志聖,19.63,3.16,33.01,5.07,47.35,4.22,1,1,1,1,1,0,5,1
2468,華經,3.69,0.6,11.11,2.36,18.65,65.36,0,1,0,0,1,1,3,0
2471,資通,10.11,1.62,38.65,5.34,27.55,13.46,1,1,1,1,1,1,6,1
2474,可成,12.73,23.65,33.87,6.65,169,3.79,1,1,1,1,0,0,4,0
2476,鉅祥,8.66,2.1,27.98,2.73,54.5,9.75,0,1,1,0,1,0,3,0
2477,美隆電,14.55,2.75,21.4,6.41,20.9,24.03,1,1,1,1,1,1,6,1
2478,大毅,12.93,4.38,26.57,5.48,44.2,14.5,1,1,1,1,1,1,6,1
2480,敦陽科,16.63,4.25,25.96,5.27,83.9,8.91,1,1,1,1,0,0,4,0
2481,強茂,10.05,2.27,24.15,2.06,68.5,16.3,1,1,1,0,1,1,5,1
2482,連宇,-1.72,-0.21,39.7,0.81,23.45,20.88,0,0,1,0,1,1,3,0
2483,百容,5.93,1.31,21.97,4.08,26,15.49,0,1,1,0,1,1,4,0
2484,希華,7.05,1.4,21.48,3.1,38.1,8.84,0,1,1,0,1,0,3,0
2485,兆赫,-1.14,-0.19,6.19,6.72,17.25,11.4,0,0,0,1,1,1,3,0
2486,一詮,-1.76,-0.26,11.62,3.46,21.7,17.44,0,0,0,0,1,1,2,-1
2488,漢平,10.8,2.72,22.33,6.09,30.85,19.49,1,1,1,1,1,1,6,1
2489,瑞軒,6.82,1.22,9.76,11.48,10.45,12.32,0,1,0,1,1,1,4,0
2491,吉祥全,20.48,1.54,31.89,0.73,13.65,27.66,1,1,1,0,1,1,5,1
2492,華新科,28.7,17.93,36.4,8.32,87.4,21.02,1,1,1,1,0,1,5,1
2493,揚博,12.54,2.57,28.17,5.82,41.25,13.68,1,1,1,1,1,1,6,1
2495,普安,2.51,0.37,44.05,2.62,16,14.33,0,1,1,0,1,1,4,0
2496,卓越,12.49,5.46,47.5,8.46,46.2,26.34,1,1,1,1,1,1,6,1
2497,怡利電,-3.78,-0.52,21.29,1.89,80.3,23.92,0,0,1,0,0,1,2,-1
2498,宏達電,-12.4,-5.66,16.53,26.23,60.8,6.64,0,0,0,1,1,0,2,-1
2501,國建,7.55,1.51,23.74,7,16.85,2.85,0,1,1,1,1,0,4,0
2504,國產,9.62,1.5,11.24,3.47,25.05,14.33,0,1,0,0,1,1,3,0
2505,國揚,13.8,2.08,28.14,2.97,19.55,7.43,1,1,1,0,1,0,4,0
2506,太設,0.99,0.05,41.23,1.83,9.84,8.09,0,1,1,0,1,0,3,0
2511,太子,4.61,0.72,25,4.58,11.8,29.95,0,1,1,0,1,1,4,0
2514,龍邦,9.03,1.97,32.1,1.6,16.9,32.51,0,1,1,0,1,1,4,0
2515,中工,3.98,0.55,7.97,2.94,9.18,11.68,0,1,0,0,1,1,3,0
2516,新建,-8.91,-0.92,-2.15,4.85,5.15,8.77,0,0,0,0,1,0,1,-1
2520,冠德,13.23,3.52,27.2,5.86,26.95,19.12,1,1,1,1,1,1,6,1
2524,京城,9.38,3.33,38.28,2,37.05,13.73,0,1,1,0,1,1,4,0
2527,宏璟,7.3,2.45,37.7,7.56,21.7,25.44,0,1,1,1,1,1,5,1
2528,皇普,-2.7,-0.24,25.89,0.99,19.25,67.16,0,0,1,0,1,1,3,0
2530,華建,-1.71,-0.22,48.64,3.79,15.55,3.49,0,0,1,0,1,0,2,-1
2534,宏盛,13.42,2.65,42.76,4.41,25.85,6.75,1,1,1,0,1,0,4,0
2535,達欣工,11.13,2.84,10.93,6.02,31.9,15.88,1,1,0,1,1,1,5,1
2536,宏普,4.09,1.45,27.4,6.03,23.2,37.18,0,1,1,1,1,1,5,1
2537,聯上發,1.44,0.2,19.87,8.6,7.91,22.83,0,1,0,1,1,1,4,0
2538,基泰,-1.26,-0.22,52.92,4.07,14.25,6.14,0,0,1,0,1,0,2,-1
2539,櫻花建,13.68,1.92,29.76,1.95,31.8,19.84,1,1,1,0,1,1,5,1
2542,興富發,14.22,3.78,28.68,5.17,48.35,4.26,1,1,1,1,1,0,5,1
2543,皇昌,-0.29,-0.06,0.65,1.28,9.36,50.41,0,0,0,0,1,1,2,-1
2545,皇翔,9.43,3.22,38.8,7.04,43.45,45.04,0,1,1,1,1,1,5,1
2546,根基,17.79,4.66,7.57,5.67,50.6,31.08,1,1,0,1,1,1,5,1
2547,日勝生,6.74,0.83,33.97,6.44,10.1,13.27,0,1,1,1,1,1,5,1
2548,華固,14.37,8.59,29.98,6.96,92.5,15.49,1,1,1,1,0,1,5,1
2597,潤弘,16.21,5.98,14.19,6.09,89.2,47.57,1,1,0,1,0,1,4,0
2601,益航,3.63,0.62,66.18,3.29,9.11,11.39,0,1,1,0,1,1,4,0
2605,新興,2.43,0.52,21.12,2.38,20.15,4.85,0,1,1,0,1,0,3,0
2606,裕民,8.2,2.38,17.09,4.92,37,40.63,0,1,0,0,1,1,3,0
2607,榮運,3.79,0.81,15.1,1.23,27.75,48.83,0,1,0,0,1,1,3,0
2609,陽明,24.39,9.84,18.03,6.27,67.8,32.23,1,1,0,1,1,1,5,1
2610,華航,3.9,0.44,11.95,1.92,21.9,39.83,0,1,0,0,1,1,3,0
2611,志信,1.16,0.25,20.81,2.45,15.1,24.16,0,1,1,0,1,1,4,0
2612,中航,4.6,2.34,20.81,4.11,35,22.02,0,1,1,0,1,1,4,0
2613,中櫃,2.6,0.64,11.68,2.14,24.8,35.35,0,1,0,0,1,1,3,0
2614,東森,16.47,1.68,28.14,3.86,22.3,5.56,1,1,1,0,1,0,4,0
2615,萬海,31.73,10.14,21.93,3.62,74.1,3.04,1,1,1,0,1,0,4,0
2616,山隆,8.94,2.79,9.02,6.23,34.05,24.98,0,1,0,1,1,1,4,0
2617,台航,7.03,1.85,25.83,4.41,25.85,43.43,0,1,1,0,1,1,4,0
2618,長榮航,6.23,0.87,13.21,1.06,33.15,27.3,0,1,0,0,1,1,3,0
2630,亞航,3.81,0.5,9.66,3.19,16.95,75.95,0,1,0,0,1,1,3,0
2634,漢翔,9.76,1.42,10.91,2.33,36,36.35,0,1,0,0,1,1,3,0
2637,慧洋-KY,8.61,3.64,26.01,4.14,52.7,27.68,0,1,1,0,1,1,4,0
2642,宅配通,8.5,1.67,16.43,2.58,52.3,45.9,0,1,0,0,1,1,3,0
2701,萬企,3.79,0.62,58.36,2.38,12.2,19.96,0,1,1,0,1,1,4,0
2702,華園,18.21,3.22,77.36,1.29,24.85,19.47,1,1,1,0,1,1,5,1
2704,國賓,2.34,0.63,32.86,1.8,32.3,21.18,0,1,1,0,1,1,4,0
2705,六福,-26.89,-2.66,17.77,0.25,16.2,13.76,0,0,0,0,1,1,2,-1
2706,第一店,4.03,0.71,73.7,2.04,14.2,19.81,0,1,1,0,1,1,4,0
2707,晶華,33.93,10.4,31.2,4.36,173.5,10.49,1,1,1,0,0,1,4,0
2722,夏都,2.75,0.48,41.52,0.91,33,58,0,1,1,0,1,1,4,0
2727,王品,6.3,3.7,45.77,3.67,121,8.09,0,1,1,0,0,0,2,-1
2731,雄獅,-1.4,0.19,13.34,4.24,92.5,20.71,0,1,0,0,0,1,2,-1
2739,寒舍,-12.85,-1.28,28.6,5.63,26.65,40.94,0,0,1,1,1,1,4,0
2748,雲品,11.58,2.11,27.79,3.59,44.55,68.59,1,1,1,0,1,1,5,1
2816,旺旺保,13.43,3.1,33.27,5.38,16,20.88,1,1,1,1,1,1,6,1
2832,台產,7.24,1.75,36.01,4.79,20.25,26.58,0,1,1,0,1,1,4,0
2850,新產,15.04,5.43,33.19,3.99,57.2,6.35,1,1,1,0,1,0,4,0
2851,中再保,11.59,2.44,12.88,5.63,20.95,56.89,1,1,0,1,1,1,5,1
2867,三商壽,6.09,0.98,3.64,0.89,6.76,38.49,0,1,0,0,1,1,3,0
2901,欣欣,2.7,0.32,85.71,1.2,24.15,57.82,0,1,1,0,1,1,4,0
2904,匯僑,11.82,1.68,41.99,7.2,19.85,38.52,1,1,1,1,1,1,6,1
2906,高林,3.87,0.25,24.05,2.1,17.15,31.24,0,1,1,0,1,1,4,0
2908,特力,8.44,1.16,26.39,5.24,21.2,13.08,0,1,1,1,1,1,5,1
2910,統領,4.15,0.55,65.7,1.89,30.75,19.15,0,1,1,0,1,1,4,0
2911,麗嬰房,-5.97,-0.65,44.02,11.47,6.8,18.1,0,0,1,1,1,1,4,0
2912,統一超,33.5,13.63,33.89,4.3,283,45.9,1,1,1,0,0,1,4,0
2913,農林,-0.96,-0.17,38.11,2.36,20.35,34.81,0,0,1,0,1,1,3,0
2915,潤泰全,28.83,16.51,48.49,7.83,54.9,10.17,1,1,1,1,1,1,6,1
2923,鼎固-KY,4.62,1.42,53.56,5.07,22.5,58.5,0,1,1,1,1,1,5,1
2929,淘帝-KY,-1.56,1.7,12.22,29.47,11.4,0,0,1,0,1,1,0,3,0
2939,凱羿-KY,21.49,6.62,25.23,24.74,33.3,8.08,1,1,1,1,1,0,5,1
2945,三商家購,15.59,2.64,24.63,3.85,45.45,80.32,1,1,1,0,1,1,5,1
3002,歐格,2.31,0.33,26.51,2.63,12.55,25.98,0,1,1,0,1,1,4,0
3003,健和興,10.89,3.26,33.66,2.03,76.8,7.41,1,1,1,0,1,0,4,0
3005,神基,16.25,4.5,27.55,6.65,46.6,34.13,1,1,1,1,1,1,6,1
3006,晶豪科,18.33,5.8,21.41,4.15,71.1,5.29,1,1,1,0,1,0,4,0
3010,華立,14.31,7.62,8.27,4.62,90.9,13.47,1,1,0,0,0,1,3,0
3011,今皓,-4.24,-0.44,10.39,0.25,15.9,10.44,0,0,0,0,1,1,2,-1
3014,聯陽,18.03,5.19,51.95,7.14,65.8,10.46,1,1,1,1,1,1,6,1
3015,全漢,3.94,2.06,11.95,5.43,39.05,23.57,0,1,0,1,1,1,4,0
3016,嘉晶,5.37,0.76,11.54,0.76,84.5,62.43,0,1,0,0,0,1,2,-1
3017,奇鋐,15.19,4.17,13.88,1.99,107.5,17.38,1,1,0,0,0,1,3,0
3018,同開,-27.45,-1.85,4.48,2.55,10.2,5.71,0,0,0,0,1,0,1,-1
3019,亞光,8.08,3.25,19.45,3.34,63.5,6.98,0,1,0,0,1,0,2,-1
3022,威強電,11.5,3.81,33.82,2.1,76.2,14.92,1,1,1,0,1,1,5,1
3023,信邦,22.57,7.65,25.31,1.94,279,8.49,1,1,1,0,0,0,3,0
3024,憶聲,3.63,0.35,22,1.52,13.8,12.9,0,1,1,0,1,1,4,0
3025,星通,4.35,0.5,48.73,2.44,19.7,13.52,0,1,1,0,1,1,4,0
3026,禾伸堂,15.16,9.54,23.48,8.44,90.8,8.99,1,1,1,1,0,0,4,0
3027,盛達,-0.13,-0.04,32.99,0.63,23.9,19.49,0,0,1,0,1,1,3,0
3028,增你強,10.17,2.26,5.46,6.83,28.85,12.21,1,1,0,1,1,1,5,1
3029,零壹,13.96,2.86,10.17,5.42,42.05,7.05,1,1,0,1,1,0,4,0
3030,德律,17.92,4.13,54.48,5.3,62.7,18.86,1,1,1,1,1,1,6,1
3031,佰鴻,6.22,1.03,25.01,4.83,16.55,31.68,0,1,1,0,1,1,4,0
3032,偉訓,11.6,3.04,16.76,7.76,29.4,30.28,1,1,0,1,1,1,5,1
3033,威健,12.77,2.19,5.99,5.53,26.2,10.83,1,1,0,1,1,1,5,1
3034,聯詠,33.45,23.02,35.32,7.22,259,4.49,1,1,1,1,0,0,4,0
3035,智原,10,2.32,50.67,1.01,175.5,14.06,1,1,1,0,0,1,4,0
3036,文曄,12.94,5.96,3.68,4.89,62,23.2,1,1,0,0,1,1,4,0
3037,欣興,9.12,3.28,14.18,1.03,139.5,14.31,0,1,0,0,0,1,2,-1
3038,全台,9.2,1.19,18.32,4.14,21.75,18.3,0,1,0,0,1,1,3,0
3040,遠見,17.21,4.41,60.89,13.33,30.3,26.3,1,1,1,1,1,1,6,1
3041,揚智,-9.71,-1.52,30.64,8.2,23.05,1.08,0,0,1,1,1,0,3,0
3042,晶技,13.66,4.41,27.64,4.36,84,6.58,1,1,1,0,0,0,3,0
3043,科風,-36.34,-0.01,21.16,3.08,7.14,0.73,0,0,1,0,1,0,2,-1
3044,健鼎,16.29,10.4,19.32,6.62,99,4.92,1,1,0,1,0,0,3,0
3045,台灣大,19.54,4.53,25.92,4.95,99,5.86,1,1,1,0,0,0,3,0
3046,建碁,-6.52,-0.95,24.68,0.19,32.35,85.13,0,0,1,0,1,1,3,0
3047,訊舟,2.28,-0.11,24.83,2.25,18.2,5.9,0,0,1,0,1,0,2,-1
3048,益登,15.45,2.43,3.05,5.68,28.15,21.15,1,1,0,1,1,1,5,1
3049,和鑫,5.92,0.69,25.05,2.11,10.45,8.12,0,1,1,0,1,0,3,0
3050,鈺德,4.88,0.74,34.66,3.28,15.85,22.26,0,1,1,0,1,1,4,0
3051,力特,3.54,0.66,21.35,0,19,13.74,0,1,1,0,1,1,4,0
3052,夆典,4.47,0.66,5.43,4.93,10.35,7.75,0,1,0,0,1,0,2,-1
3054,立萬利,1.85,0.22,0.01,3.71,18.85,53.59,0,1,0,0,1,1,3,0
3055,蔚華科,-2.11,-0.56,17.86,2.05,25.4,31.89,0,0,0,0,1,1,2,-1
3056,總太,13.02,2.97,27.77,7.53,32.95,14.81,1,1,1,1,1,1,6,1
3057,喬鼎,-16.07,-1.37,33.5,8.24,12.25,11.58,0,0,1,1,1,1,4,0
3058,立德,-6.87,-0.81,11.54,2.8,10.35,5.74,0,0,0,0,1,0,1,-1
3060,銘異,-4.96,-1.04,7.67,9.5,19.15,6.28,0,0,0,1,1,0,2,-1
3062,建漢,1.46,0.25,6.43,0.79,28,3.05,0,1,0,0,1,0,2,-1
3090,日電貿,20.5,4.67,19.47,7.78,50.4,6.87,1,1,0,1,1,0,4,0
3092,鴻碩,14.6,3.24,23.93,6.62,43.5,8.89,1,1,1,1,1,0,5,1
3094,聯傑,4.19,0.57,67.91,3.02,28.5,10.39,0,1,1,0,1,1,4,0
3130,一零四,19.94,9.14,89.83,4.66,196,14.71,1,1,1,0,0,1,4,0
3138,耀登,12.01,2.49,42.62,1.01,136.5,13.32,1,1,1,0,0,1,4,0
3149,正達,-7.51,-0.57,-0.35,3.27,18.35,9.6,0,0,0,0,1,0,1,-1
3164,景岳,5.87,0.99,65.79,3.45,26.7,13.6,0,1,1,0,1,1,4,0
3167,大量,19.05,4.54,27.97,6.23,48.15,14.12,1,1,1,1,1,1,6,1
3189,景碩,2.7,1.43,20.94,1.7,111.5,25.48,0,1,1,0,0,1,3,0
3209,全科,13.16,2.28,4.32,3.72,37.05,7.82,1,1,0,0,1,0,3,0
3229,晟鈦,-21.32,-1.31,9.35,0.62,25.6,75.72,0,0,0,0,1,1,2,-1
3231,緯創,12.27,2.5,4.84,6.69,27.2,2.76,1,1,0,1,1,0,4,0
3257,虹冠電,11.4,2.47,46.74,6.51,45.95,39.35,1,1,1,1,1,1,6,1
3266,昇陽,1.55,0.33,18.23,6.05,11.9,13.01,0,1,0,1,1,1,4,0
3296,勝德,-0.38,-0.02,14.89,3.09,18.15,11.9,0,0,0,0,1,1,2,-1
3305,昇貿,5.68,1.8,12.66,2.84,48.9,11.04,0,1,0,0,1,1,3,0
3308,聯德,-9.7,-0.87,4.96,0.99,14.2,29.55,0,0,0,0,1,1,2,-1
3311,閎暉,-3.42,-1.21,13.3,3.85,35.05,47.2,0,0,0,0,1,1,2,-1
3312,弘憶股,9.12,1.04,4.92,3.42,18.7,24.05,0,1,0,0,1,1,3,0
3321,同泰,-29.18,-2.72,4.51,6.67,10.2,16.71,0,0,0,1,1,1,3,0
3338,泰碩,11.82,2.08,20.95,3.58,38.5,20,1,1,1,0,1,1,5,1
3346,麗清,7.92,1.64,17.02,3.77,41.1,10.42,0,1,0,0,1,1,3,0
3356,奇偶,2.52,0.55,40.29,8.95,28.15,18.72,0,1,1,1,1,1,5,1
3376,新日興,8.93,6.63,23.49,5.05,88.9,9.13,0,1,1,1,0,0,3,0
3380,明泰,3.42,0.67,15.44,2.52,33.75,66.97,0,1,0,0,1,1,3,0
3383,新世紀,-52.08,-2.39,-19.94,0,1.39,8.23,0,0,0,0,1,0,1,-1
3406,玉晶光,16.98,18.52,41.07,1.55,439,9.96,1,1,1,0,0,0,3,0
3413,京鼎,25.3,13.49,24.53,3.22,202.5,7.99,1,1,1,0,0,0,3,0
3416,融程電,11.26,3.39,35.04,4.23,78.5,44.72,1,1,1,0,1,1,5,1
3419,譁裕,-0.73,-0.08,19.58,1.1,18.1,10.09,0,0,0,0,1,1,2,-1
3432,台端,5.34,1.18,34.76,1.7,21.75,18.35,0,1,1,0,1,1,4,0
3437,榮創,-3.59,-0.72,9.77,4.64,19.2,2.96,0,0,0,0,1,0,1,-1
3443,創意,21.9,7.14,30.69,0.96,562,34.84,1,1,1,0,0,1,4,0
3450,聯鈞,14.13,3.12,24.49,4.62,44.2,8.08,1,1,1,0,1,0,4,0
3454,晶睿,8.86,3.49,32.71,1.94,128,59.01,0,1,1,0,0,1,3,0
3481,群創,6.14,1.57,13.33,3.98,12.05,0.04,0,1,0,0,1,0,2,-1
3494,誠研,-24.66,-1.87,5.05,4.57,13.35,6.74,0,0,0,0,1,0,1,-1
3501,維熹,8.78,4.27,25.36,6.35,44.7,21.25,0,1,1,1,1,1,5,1
3504,揚明光,-1.04,-0.31,19.01,1.26,103,34.05,0,0,0,0,0,1,1,-1
3515,華擎,16.14,8.97,22.27,7.25,91,46.55,1,1,1,1,0,1,5,1
3518,柏騰,-8.67,-2.01,18.44,4.23,26,8.42,0,0,0,0,1,0,1,-1
3528,安馳,13.73,3.16,12.42,5.49,51,59.73,1,1,0,1,1,1,5,1
3530,晶相光,16.59,4.09,25.42,2.96,83.2,22.63,1,1,1,0,0,1,4,0
3532,台勝科,11.96,4.96,27.69,2.22,171,74.63,1,1,1,0,0,1,4,0
3533,嘉澤,18.48,21.46,36.27,1.44,750,9.23,1,1,1,0,0,0,3,0
3536,誠創,-35.53,-1.17,6.74,0,5.28,23.73,0,0,0,0,1,1,2,-1
3543,州巧,-0.32,-0.07,13.57,4.24,20.3,19.07,0,0,0,0,1,1,2,-1
3545,敦泰,7.9,4.93,26.43,5.89,69.9,6.53,0,1,1,1,1,0,4,0
3550,聯穎,4.7,1.06,18.67,5.07,15,12.37,0,1,0,1,1,1,4,0
3557,嘉威,15.3,3.61,-10.46,4.31,56.1,8.4,1,1,0,0,1,0,3,0
3563,牧德,41.34,18.97,64.62,4.79,142,10.19,1,1,1,0,0,1,4,0
3576,聯合再生,-19.85,-1.97,-6.51,4.56,22.35,12.3,0,0,0,0,1,1,2,-1
3583,辛耘,14.02,4.45,36.77,2.8,77.6,14.02,1,1,1,0,1,1,5,1
3588,通嘉,6.58,1.88,35.69,2.12,58,7.68,0,1,1,0,1,0,3,0
3591,艾笛森,-1.75,-0.46,18.19,1.61,16.1,8.62,0,0,0,0,1,0,1,-1
3592,瑞鼎,24.34,20.67,27.89,6.28,242,16.29,1,1,1,1,0,1,5,1
3593,力銘,-10.66,-0.79,9.22,5.28,14.4,55.29,0,0,0,1,1,1,3,0
3596,智易,11.5,6.33,13.57,4.11,114,18.82,1,1,0,0,0,1,3,0
3605,宏致,5.93,2.3,21.67,2.28,35.45,15.31,0,1,1,0,1,1,4,0
3607,谷崧,-13.63,-4.07,0.96,9.13,13.8,10.2,0,0,0,1,1,1,3,0
3617,碩天,9.64,5.08,40.63,4.18,105.5,18.63,0,1,1,0,0,1,3,0
3622,洋華,3.27,0.94,16.44,2.73,27.85,33.68,0,1,0,0,1,1,3,0
3645,達邁,11.14,2.29,32.73,3.29,37.65,15.45,1,1,1,0,1,1,5,1
3653,健策,11.97,6.08,28.25,1.17,385,28.48,1,1,1,0,0,1,4,0
3661,世芯-KY,15.78,10.29,33.91,0.54,896,3.02,1,1,1,0,0,0,3,0
3665,貿聯-KY,16.11,13.46,23.75,2.69,303,3.13,1,1,1,0,0,0,3,0
3673,TPK-KY,2.97,2.57,4.42,6.18,35.45,19.51,0,1,0,1,1,1,4,0
3679,新至陞,10.93,7.11,25.23,7.55,85,28.09,1,1,1,1,0,1,5,1
3682,亞太電,-14.84,-1.27,4.54,3.39,6.79,9.61,0,0,0,0,1,0,1,-1
3686,達能,-29.97,-2.1,-49.39,1.52,13.15,3.4,0,0,0,0,1,0,1,-1
3694,海華,4.35,0.55,11.12,3.02,19.9,48.28,0,1,0,0,1,1,3,0
3701,大眾控,5.73,0.58,12.75,0,47.7,22.27,0,1,0,0,1,1,3,0
3702,大聯大,13.8,4.71,4.07,5.39,52.3,7.04,1,1,0,1,1,0,4,0
3703,欣陸,5.06,1.51,12.96,3.09,33,32.77,0,1,0,0,1,1,3,0
3704,合勤控,1.97,0.39,22.37,1.29,28.65,26.06,0,1,1,0,1,1,4,0
3705,永信,10.85,2.62,45.26,4.93,41,15.64,1,1,1,0,1,1,5,1
3706,神達,11.14,4.39,12.65,4.84,28.1,17.13,1,1,0,0,1,1,4,0
3708,上緯投控,11.49,6.3,17.82,3.51,90.7,12.38,1,1,0,0,0,1,3,0
4104,佳醫,6.93,3.81,19.67,4.89,65.9,11.53,0,1,0,0,1,1,3,0
4106,雃博,5.58,1.12,42.17,2.22,27,33.7,0,1,1,0,1,1,4,0
4108,懷特,-8.82,-0.87,51.72,0,20.6,17.86,0,0,1,0,1,1,3,0
4119,旭富,10.06,4.07,36.04,3.92,86,32.31,1,1,1,0,0,1,4,0
4133,亞諾法,2.86,0.57,45.38,1.14,41.4,13.02,0,1,1,0,1,1,4,0
4137,麗豐-KY,26.61,13.99,83.16,6.68,160.5,35.31,1,1,1,1,0,1,5,1
4142,國光生,-9.63,-0.72,-1.54,0.26,38.55,17.31,0,0,0,0,1,1,2,-1
4148,全宇生技-KY,10.05,3,26.79,2.34,73,0.47,1,1,1,0,1,0,4,0
4155,訊映,8.67,1.58,22.19,6.26,24.3,9.83,0,1,1,1,1,0,4,0
4190,佐登-KY,18.87,5.92,74.73,4.44,74.3,40.96,1,1,1,0,1,1,5,1
4306,炎洲,4.41,0.88,14,4.24,14.15,13.66,0,1,0,0,1,1,3,0
4426,利勤,2.7,0.6,10.89,1.6,30.55,9.79,0,1,0,0,1,0,2,-1
4438,廣越,10.14,6.71,14.23,3.7,137.5,40.26,1,1,0,0,0,1,3,0
4439,冠星-KY,23.37,12.12,17.48,3.39,112.5,38.67,1,1,0,0,0,1,3,0
4526,東台,0.03,-0.03,20.22,2.82,14.2,14.29,0,0,1,0,1,1,3,0
4532,瑞智,8.43,1.62,13.37,5.3,18.3,36.98,0,1,0,1,1,1,4,0
4536,拓凱,14.47,8.16,30.88,2.92,174.5,21.36,1,1,1,0,0,1,4,0
4540,全球傳動,9.1,2.45,25.19,3.22,44.7,9.59,0,1,1,0,1,0,3,0
4545,銘鈺,1.1,0.24,20.74,1.72,28.45,69.92,0,1,1,0,1,1,4,0
4551,智伸科,18.39,7.74,28.62,2.4,169,12.55,1,1,1,0,0,1,4,0
4552,力達-KY,10.68,5.1,21.43,7.45,29.8,47.94,1,1,1,1,1,1,6,1
4555,氣立,5.81,2.22,35.78,3.15,54,29.44,0,1,1,0,1,1,4,0
4557,永新-KY,12.87,4.93,30.81,3.76,122.5,21.74,1,1,1,0,0,1,4,0
4560,強信-KY,14.03,3.29,38.28,6.28,40.6,40.05,1,1,1,1,1,1,6,1
4562,穎漢,-1.65,-0.15,30.95,7.84,15.3,29.25,0,0,1,1,1,1,4,0
4564,元翎,9.51,2.19,28.8,6,28.35,17.13,0,1,1,1,1,1,5,1
4566,時碩工業,9.51,2.77,21.25,2.81,59.7,35.51,0,1,1,0,1,1,4,0
4571,鈞興-KY,18.47,5.73,33.2,3.01,75.8,13.4,1,1,1,0,1,1,5,1
4572,駐龍,11.07,4.43,41.66,3.26,116.5,20.8,1,1,1,0,0,1,4,0
4576,大銀微系統,6.49,1.52,34.6,0.53,86.5,34.3,0,1,1,0,0,1,3,0
4581,光隆精密-KY,14.05,3.23,26.99,4.13,31.45,18.6,1,1,1,0,1,1,5,1
4720,德淵,4.07,0.45,19.31,1.75,16.55,30.98,0,1,0,0,1,1,3,0
4722,國精化,11.73,2.95,17.6,5.11,36.4,18.36,1,1,0,1,1,1,5,1
4737,華廣,5.07,1.82,44.06,2.99,81.6,39.46,0,1,1,0,0,1,3,0
4739,康普,8.86,3.57,11.39,1.89,123,26.42,0,1,0,0,0,1,2,-1
4746,台耀,6.13,3.86,33.03,3.22,58,11.05,0,1,1,0,1,1,4,0
4763,材料-KY,22.03,6.27,28.62,2.69,141.5,56.78,1,1,1,0,0,1,4,0
4764,雙鍵,12.14,3.59,20.97,3.64,52.8,9.54,1,1,1,0,1,0,4,0
4766,南寶,10.16,8.39,25.82,4.07,142.5,16.74,1,1,1,0,0,1,4,0
4807,日成-KY,13.13,2.14,23.84,11.33,21.45,43,1,1,1,1,1,1,6,1
4904,遠傳,13.28,2.85,33.1,4.63,74.5,32.94,1,1,1,0,1,1,5,1
4906,正文,5.52,1.45,10.39,4.04,31.9,4.02,0,1,0,0,1,0,2,-1
4915,致伸,14.84,4.6,12.2,4.07,68.8,3.64,1,1,0,0,1,0,3,0
4916,事欣科,3.93,1.53,20.8,5.45,23.65,16.89,0,1,1,1,1,1,5,1
4919,新唐,15.23,3.67,39.43,2.03,117.5,52.5,1,1,1,0,0,1,4,0
4927,泰鼎-KY,12.9,4.81,17.59,4.59,57.7,1.57,1,1,0,0,1,0,3,0
4930,燦星網,4.45,0.66,15.68,10.23,25.6,44.41,0,1,0,1,1,1,4,0
4934,太極,-30.28,-2.89,-8.41,1.39,28.8,27.17,0,0,0,0,1,1,2,-1
4935,茂林-KY,10.02,5.22,17.74,4.58,60.3,18.23,1,1,0,0,1,1,4,0
4938,和碩,9.74,6.55,3.5,6.75,63.7,6.07,0,1,0,1,1,0,3,0
4942,嘉彰,8.64,4.39,22.1,6.31,37.1,15.2,0,1,1,1,1,1,5,1
4943,康控-KY,-10.08,-0.59,27.79,16.12,15.2,33.6,0,0,1,1,1,1,4,0
4952,凌通,16.66,3.32,36.6,5.71,52.9,34.32,1,1,1,1,1,1,6,1
4956,光鋐,0.19,0.04,17.28,3.02,16.55,19.1,0,1,0,0,1,1,3,0
4958,臻鼎-KY,14.19,9.19,20.21,3.82,114,32.75,1,1,1,0,0,1,4,0
4960,誠美材,-3.83,-0.63,2.62,11.17,10.3,2.71,0,0,0,1,1,0,2,-1
4961,天鈺,18.68,8.67,25.47,3.86,115.5,8.25,1,1,1,0,0,0,3,0
4967,十銓,12.35,1.8,7.04,3.58,29.6,4.92,1,1,0,0,1,0,3,0
4968,立積,22.95,5.55,33.42,1.81,127,8.29,1,1,1,0,0,0,3,0
4976,佳凌,-0.99,-0.14,7.98,1.67,44.8,21.78,0,0,0,0,1,1,2,-1
4977,眾達-KY,15.54,5.12,24.32,3.42,121.5,18.48,1,1,1,0,0,1,4,0
4989,榮科,14.63,2.07,13.88,5.57,27.1,62.74,1,1,0,1,1,1,5,1
4994,傳奇,6.02,0.89,62.59,3.45,39.15,28.89,0,1,1,0,1,1,4,0
4999,鑫禾,10.17,4.49,31.22,7.15,39.15,17.13,1,1,1,1,1,1,6,1
5007,三星,14.77,3.16,22.8,4.94,52.6,9.68,1,1,1,0,1,0,4,0
5203,訊連,2.3,1.24,87.13,2.61,94.2,19.23,0,1,1,0,0,1,3,0
5215,科嘉-KY,14.24,6.09,28.09,8.97,43.5,11.71,1,1,1,1,1,1,6,1
5222,全訊,19.77,3.06,50.71,1.18,143.5,8.92,1,1,1,0,0,0,3,0
5225,東科-KY,4.51,1.22,10.41,3.09,27.5,1.46,0,1,0,0,1,0,2,-1
5243,乙盛-KY,7.55,2.62,15.66,2.62,64.2,35.58,0,1,0,0,1,1,3,0
5244,弘凱,15.88,2.73,43.06,6.43,28,20.24,1,1,1,1,1,1,6,1
5258,虹堡,2.78,0.15,27.1,1.2,68.4,16.62,0,1,1,0,1,1,4,0
5269,祥碩,33.72,25.93,49.46,1.91,835,35.34,1,1,1,0,0,1,4,0
5283,禾聯碩,25.36,11.6,38.36,3.8,106,24.46,1,1,1,0,0,1,4,0
5285,界霖,13.56,3.47,17.24,3.89,80,17.7,1,1,0,0,0,1,3,0
5288,豐祥-KY,19.29,8.55,18.21,2.78,165.5,58.82,1,1,0,0,0,1,3,0
5306,桂盟,23.76,10.43,43.51,2.26,163.5,38.65,1,1,1,0,0,1,4,0
5388,中磊,13.24,4,14.08,2.78,94.1,5.07,1,1,0,0,0,0,2,-1
5434,崇越,18.27,9.44,12.13,3.99,164.5,10.26,1,1,0,0,0,1,3,0
5469,瀚宇博,9.54,4.94,17.39,4.89,32.1,26.1,0,1,0,0,1,1,3,0
5471,松翰,19.23,4.06,42.11,6.43,57.2,10.95,1,1,1,1,1,1,6,1
5484,慧友,-12.9,-1.06,16.81,2.32,13.8,24.18,0,0,0,0,1,1,2,-1
5515,建國,5.79,0.94,9.68,5.58,12,27.02,0,1,0,1,1,1,4,0
5519,隆大,11.31,2.17,20.64,5.96,21.8,23.12,1,1,1,1,1,1,6,1
5521,工信,1.96,0.21,6.66,4.34,6.91,3.82,0,1,0,0,1,0,2,-1
5525,順天,7.29,1.43,29.61,3.76,23.95,19.17,0,1,1,0,1,1,4,0
5531,鄉林,0.78,0.09,32.3,0,9.06,25.74,0,1,1,0,1,1,4,0
5533,皇鼎,5.15,1.38,24.93,3.74,18.7,10.37,0,1,1,0,1,1,4,0
5534,長虹,18.12,9.84,37.91,7.63,75.8,9.98,1,1,1,1,1,0,5,1
5538,東明-KY,16.76,4.19,16.38,4.89,45,25.61,1,1,0,0,1,1,4,0
5546,永固-KY,23.42,6.32,16.56,5.48,54.2,16.41,1,1,0,1,1,1,5,1
5607,遠雄港,9.16,2.08,54.82,1.71,51.4,17.78,0,1,1,0,1,1,4,0
5608,四維航,-6.67,-0.54,8.9,4.54,26.45,9.29,0,0,0,0,1,0,1,-1
5706,鳳凰,11.23,2,19.6,2,62,26,1,1,0,0,1,1,4,0
5871,中租-KY,21.61,11.46,66.09,2.44,193.5,4.47,1,1,1,0,0,0,3,0
5906,台南-KY,8.42,1.02,57.25,1.72,31.4,24.27,0,1,1,0,1,1,4,0
5907,大洋-KY,2.15,1.17,73.87,9.66,14.6,56.83,0,1,1,1,1,1,5,1
6108,競國,7.14,1.68,13.95,8.54,16.4,12.91,0,1,0,1,1,1,4,0
6115,鎰勝,10.35,2.72,18.4,6.95,42,11.82,1,1,0,1,1,1,5,1
6116,彩晶,9.53,1.33,24.71,4.57,12.25,12.3,0,1,1,0,1,1,4,0
6117,迎廣,-4.85,-0.5,16.15,2.69,17.45,37.97,0,0,0,0,1,1,2,-1
6120,達運,-2.87,-0.41,3.06,4.18,9.57,28.65,0,0,0,0,1,1,2,-1
6128,上福,10.24,2.43,37.56,5.4,29.25,28.05,1,1,1,1,1,1,6,1
6133,金橋,-0.03,0.01,18.92,1.03,26.15,2.16,0,1,0,0,1,0,2,-1
6136,富爾特,4,0.97,19.69,7.83,18,7.81,0,1,0,1,1,0,3,0
6139,亞翔,5.02,2.07,6.96,4.61,30.4,26.39,0,1,0,0,1,1,3,0
6141,柏承,13.18,2.14,17.38,2.18,22.9,10.83,1,1,0,0,1,1,4,0
6142,友勁,-6.66,-0.7,6.04,3.63,9.65,64.16,0,0,0,0,1,1,2,-1
6152,百一,-8.4,-0.89,13.15,14.95,10.5,10.93,0,0,0,1,1,1,3,0
6153,嘉聯益,2.65,0.67,12.86,0.81,27.05,25.87,0,1,0,0,1,1,3,0
6155,鈞寶,5.22,0.85,27.41,3.63,22.6,22.74,0,1,1,0,1,1,4,0
6164,華興,-0.25,-0.02,27.33,5.05,11.1,11.39,0,0,1,1,1,1,4,0
6165,浪凡,5.05,0.59,12.54,0.04,25.95,0.08,0,1,0,0,1,0,2,-1
6166,凌華,6.24,1.32,37.99,2.22,51.3,31.18,0,1,1,0,1,1,4,0
6168,宏齊,6.95,0.97,21.75,5.91,18.95,21.94,0,1,1,1,1,1,5,1
6176,瑞儀,18.29,10.48,17.12,7.25,98.8,3.95,1,1,0,1,0,0,3,0
6177,達麗,15.5,2.7,29.74,7.07,28,5.98,1,1,1,1,1,0,5,1
6183,關貿,14.55,2.12,40.72,2.55,68.7,48.92,1,1,1,0,1,1,5,1
6184,大豐電,10.3,3,46.63,5.77,48.5,11.67,1,1,1,1,1,1,6,1
6189,豐藝,14.37,2.96,8.02,6.8,38.4,10.67,1,1,0,1,1,1,5,1
6192,巨路,14.9,6.61,31.21,4.89,70.7,8.4,1,1,1,0,1,0,4,0
6196,帆宣,14.98,5.01,11.28,2.68,120,51.85,1,1,0,0,0,1,3,0
6197,佳必琪,9.4,2.32,22.62,6.5,38.75,33.83,0,1,1,1,1,1,5,1
6201,亞弘電,10.67,2.93,20.1,6.66,39.95,15.9,1,1,1,1,1,1,6,1
6202,盛群,27.23,5.29,49.21,7.17,71.3,7.49,1,1,1,1,1,0,5,1
6205,詮欣,7.56,1.9,30.7,2.03,72.9,13.17,0,1,1,0,1,1,4,0
6206,飛捷,15.15,4.94,32.33,5.62,78.3,19.88,1,1,1,1,1,1,6,1
6213,聯茂,22.38,7.06,17.42,6.56,66.8,27.03,1,1,0,1,1,1,5,1
6214,精誠,10.48,5.6,24.96,6.97,71.7,9.36,1,1,1,1,1,0,5,1
6215,和椿,8.05,1.2,26.2,3.31,23.55,20.16,0,1,1,0,1,1,4,0
6216,居易,10.86,1.92,49.86,6.23,29.05,20.08,1,1,1,1,1,1,6,1
6224,聚鼎,16.79,4.82,46.22,6.6,58.3,22.63,1,1,1,1,1,1,6,1
6225,天瀚,-159.53,-0.1,-67.76,0,9.2,8.66,0,0,0,0,1,0,1,-1
6226,光鼎,2.09,0.24,29.81,1.45,11.75,12.31,0,1,1,0,1,1,4,0
6235,華孚,4.92,0.66,19.46,1.12,40.9,21.82,0,1,0,0,1,1,3,0
6239,力成,15.32,8.64,20.69,6.28,81.5,6.53,1,1,1,1,0,0,4,0
6243,迅杰,-8.27,-0.47,24.89,3.05,29.2,24.41,0,0,1,0,1,1,3,0
6257,矽格,13.89,3.9,28.85,5.42,48,5.18,1,1,1,1,1,0,5,1
6269,台郡,14.3,9.09,20.44,5.27,95.3,7.63,1,1,1,1,0,0,4,0
6271,同欣電,9.63,7.98,26.69,2.84,204,9.29,0,1,1,0,0,0,2,-1
6277,宏正,24.11,8.64,59.09,4.11,77.9,12.84,1,1,1,0,1,1,5,1
6278,台表科,14.39,6.5,11.19,3.22,91.2,8.66,1,1,0,0,0,0,2,-1
6281,全國電,19.94,5,18.97,5.35,82.3,12.51,1,1,0,1,0,1,4,0
6282,康舒,10.91,1.83,15.41,3.6,28.9,24.79,1,1,0,0,1,1,4,0
6283,淳安,-1.49,-0.04,17.03,0.27,37.5,47.48,0,0,0,0,1,1,2,-1
6285,啟碁,10.64,4.33,11.87,3.44,83.2,24.79,1,1,0,0,0,1,3,0
6288,聯嘉,5.36,0.7,19.59,2.28,24.6,21.2,0,1,0,0,1,1,3,0
6289,華上,-215.93,-0.51,-108.8,0,1.13,10.27,0,0,0,0,1,1,2,-1
6405,悅城,2.07,0.65,18.65,3.74,21.9,13.61,0,1,0,0,1,1,3,0
6409,旭隼,41.13,23.79,27.73,1.35,1650,17.79,1,1,1,0,0,1,4,0
6412,群電,21.64,4.84,16.73,5.02,69.7,59.47,1,1,0,1,1,1,5,1
6414,樺漢,12.11,13.7,22.36,3.14,202.5,33.81,1,1,1,0,0,1,4,0
6416,瑞祺電通,15.27,4.72,19.95,3.21,96.6,27.48,1,1,0,0,0,1,3,0
6426,統新,6.55,1.89,44.26,2.38,80,14.41,0,1,1,0,0,1,3,0
6431,光麗-KY,-11.05,-1.07,-16.3,4.8,20.85,2.72,0,0,0,0,1,0,1,-1
6438,迅得,17.58,5.54,28.33,4.17,90,13.82,1,1,1,0,0,1,4,0
6442,光聖,2.5,0.75,17.44,2.46,57.3,11.77,0,1,0,0,1,1,3,0
6443,元晶,-12.88,-1.2,0.46,0,41,1.3,0,0,0,0,1,0,1,-1
6449,鈺邦,11.37,2.63,26.24,3.87,40.05,21.98,1,1,1,0,1,1,5,1
6451,訊芯-KY,7.26,4.14,23.26,3.1,87.8,59.52,0,1,1,0,0,1,3,0
6456,GIS-KY,19.07,13.45,9.44,6.36,80.2,23.63,1,1,0,1,0,1,4,0
6464,台數科,11.99,6.57,48.2,5.07,85.4,6.61,1,1,1,1,0,0,4,0
6477,安集,9.77,1.87,20.58,1.4,55,16.35,0,1,1,0,1,1,4,0
6491,晶碩,22.12,9.95,49.44,0.91,406,41.84,1,1,1,0,0,1,4,0
6504,南六,19.76,8.9,19.92,6.54,83.2,14.09,1,1,0,1,0,1,4,0
6505,台塑化,13.98,4.91,9.53,3.12,81.4,75.82,1,1,0,0,0,1,3,0
6525,捷敏-KY,20.71,5.92,31.56,5.29,77.5,51.53,1,1,1,1,1,1,6,1
6533,晶心科,3.1,1.26,99.8,0.37,400.5,18.74,0,1,1,0,0,1,3,0
6552,易華電,11.43,2.59,18.75,4.14,37.7,52.87,1,1,0,0,1,1,4,0
6558,興能高,9.39,1.39,22.4,4.22,21.35,16.24,0,1,1,0,1,1,4,0
6573,虹揚-KY,-4.76,-0.48,11.54,1.63,15.3,1.99,0,0,0,0,1,0,1,-1
6579,研揚,9.55,5.09,31.5,4.22,86.1,60.52,0,1,1,0,0,1,3,0
6581,鋼聯,20.35,5.41,51.75,4.21,94.8,72.14,1,1,1,0,0,1,4,0
6582,申豐,28.1,12.43,36.78,11.64,62.8,49.73,1,1,1,1,1,1,6,1
6585,鼎基,4.11,1.55,20.03,3.37,62.4,37.57,0,1,1,0,1,1,4,0
6591,動力-KY,11.75,4.66,27.56,5.13,45.6,19.83,1,1,1,1,1,1,6,1
6592,和潤企業,14.49,5.11,63.98,3.16,104.5,68.36,1,1,1,0,0,1,4,0
6605,帝寶,6.39,5.2,25.74,2.33,82.4,14.78,0,1,1,0,0,1,3,0
6625,必應,-1.56,-0.28,12.81,1.51,31.1,13.59,0,0,0,0,1,1,2,-1
6641,基士德-KY,18.74,6.26,39.17,6.05,57.4,13.09,1,1,1,1,1,1,6,1
6655,科定,13.76,4.09,53.2,3.62,132.5,22.25,1,1,1,0,0,1,4,0
6666,羅麗芬-KY,23.82,6.51,62.94,5.14,68.1,43.86,1,1,1,1,1,1,6,1
6668,中揚光,6.91,1.29,37.53,2.21,43.35,24.63,0,1,1,0,1,1,4,0
6669,緯穎,48.52,36.97,6.81,2.62,765,39.99,1,1,0,0,0,1,3,0
6670,復盛應用,37.83,14.36,23.89,4.78,195,7.82,1,1,1,0,0,0,3,0
6671,三能-KY,13.09,3.61,37.98,7.44,40.3,2.67,1,1,1,1,1,0,5,1
6672,騰輝電子-KY,26.09,7.2,27.6,5.61,68.3,14.13,1,1,1,1,1,1,6,1
6674,鋐寶科技,5.76,1.48,14.35,5.14,27.25,47.71,0,1,0,1,1,1,4,0
6691,洋基工程,28.63,15.07,15.6,5.98,175,21.78,1,1,0,1,0,1,4,0
6698,旭暉應材,9.46,1.35,35.96,2.2,30.95,32.38,0,1,1,0,1,1,4,0
6706,惠特,25.21,8.2,34.72,4.05,108.5,9.69,1,1,1,0,0,0,3,0
6715,嘉基,20.58,3.49,25.3,0.84,157,51.37,1,1,1,0,0,1,4,0
6743,安普新,14.26,2.45,21.84,2.58,38.75,25.11,1,1,1,0,1,1,5,1
6754,匯僑設計,13.78,3.61,23.16,5.12,43.4,61.59,1,1,1,1,1,1,6,1
6756,威鋒電子,23.7,5.31,50.18,1.79,210.5,57.39,1,1,1,0,0,1,4,0
8011,台通,-3.12,-0.34,11.91,6.51,15.2,19.46,0,0,0,1,1,1,3,0
8016,矽創,31.11,17.24,35.28,6.37,177.5,6.54,1,1,1,1,0,0,4,0
8021,尖點,6.26,1.93,29.74,4.83,27.75,9.87,0,1,1,0,1,0,3,0
8028,昇陽半導體,9.61,1.7,29.41,2.05,64.3,5.5,0,1,1,0,1,0,3,0
8033,雷虎,-2.75,-0.32,35.56,0,18,3,0,0,1,0,1,0,2,-1
8039,台虹,9.69,3.4,21.95,6.07,41.2,11.19,0,1,1,1,1,1,5,1
8046,南電,6.79,3.72,9.75,1.26,242,66.97,0,1,0,0,0,1,2,-1
8072,陞泰,-0.63,-0.28,15.1,1.42,24.7,39.17,0,0,0,0,1,1,2,-1
8081,致新,19.36,11.13,36.82,6.12,139,10.73,1,1,1,1,0,1,5,1
8101,華冠,-34.43,-1.66,-0.29,2.31,2.6,35.53,0,0,0,0,1,1,2,-1
8103,瀚荃,8.53,2.75,29.89,3.49,36.95,11.16,0,1,1,0,1,1,4,0
8104,錸寶,17.64,4.31,21.27,4.64,39.05,33.52,1,1,1,0,1,1,5,1
8105,凌巨,-1.98,-0.33,9.72,0.89,13.45,34.65,0,0,0,0,1,1,2,-1
8110,華東,3.17,0.69,6.71,2.77,12.65,38.91,0,1,0,0,1,1,3,0
8112,至上,21.82,4.49,2.85,8.58,36.15,6.28,1,1,0,1,1,0,4,0
8114,振樺電,16.93,6.1,34.67,2.96,154.5,9.37,1,1,1,0,0,0,3,0
8131,福懋科,12.35,3.18,18.72,6.27,38.3,62.71,1,1,0,1,1,1,5,1
8150,南茂,14.26,3.74,20.85,5.72,34.25,11.74,1,1,1,1,1,1,6,1
8163,達方,11.05,3.61,17.98,6.49,41,22.9,1,1,0,1,1,1,5,1
8201,無敵,-2.78,-0.42,14.33,2.41,12.45,40.95,0,0,0,0,1,1,2,-1
8210,勤誠,21.35,6.11,25.76,4.85,76.7,12.39,1,1,1,0,1,1,5,1
8213,志超,11.46,5.43,14.63,8.02,36.8,6.6,1,1,0,1,1,0,4,0
8215,明基材,11.47,1.54,15.84,2.74,30.7,40.25,1,1,0,0,1,1,4,0
8222,寶一,-0.81,-0.07,11.05,2.45,23.3,15.84,0,0,0,0,1,1,2,-1
8249,菱光,5.71,1.54,13.49,6.06,22.1,27.24,0,1,0,1,1,1,4,0
8261,富鼎,12.89,2.73,19.18,1.69,106.5,10.8,1,1,0,0,0,1,3,0
8271,宇瞻,14.07,3.8,15.6,6.35,39.5,16.79,1,1,0,1,1,1,5,1
8341,日友,30.82,8.14,60.14,4.23,173.5,37.73,1,1,1,0,0,1,4,0
8367,建新國際,12.1,3.11,31.5,4.16,35.6,37.79,1,1,1,0,1,1,5,1
8374,羅昇,5.48,0.93,17.23,1.81,31,71.86,0,1,0,0,1,1,3,0
8404,百和興業-KY,11.55,1.9,36.63,2.92,31.55,59.78,1,1,1,0,1,1,5,1
8411,福貞-KY,1.9,0.61,10.72,1.79,15.6,4.58,0,1,0,0,1,0,2,-1
8422,可寧衛,22.12,11.38,67.1,5.56,183.5,16.35,1,1,1,1,0,1,5,1
8429,金麗-KY,0.77,0.33,9.29,2.81,9.98,24.29,0,1,0,0,1,1,3,0
8438,昶昕,5.38,1.08,10.75,2.61,30.6,50.73,0,1,0,0,1,1,3,0
8442,威宏-KY,2.74,0.79,15.4,2.24,71.5,31.01,0,1,0,0,1,1,3,0
8443,阿瘦,-8.5,-1.63,53.68,2.29,11.35,12.94,0,0,1,0,1,1,3,0
8454,富邦媒,27.85,12.25,10.09,1.42,685,55.55,1,1,0,0,0,1,3,0
8462,柏文,19.22,4.92,27.65,3.37,120,36.52,1,1,1,0,0,1,4,0
8463,潤泰材,3.25,0.5,11.48,3.53,20.1,46.72,0,1,0,0,1,1,3,0
8464,億豐,32.4,14.91,50.86,3.64,280.5,26.27,1,1,1,0,0,1,4,0
8466,美吉吉-KY,12.05,4.71,23.44,7.65,43.9,40.73,1,1,1,1,1,1,6,1
8467,波力-KY,6.11,1.75,28.68,2.62,64.9,9.87,0,1,1,0,1,0,3,0
8473,山林水,5.82,2.13,22.43,6.17,30.45,66.94,0,1,1,1,1,1,5,1
8478,東哥遊艇,12.28,3.64,28.73,0.77,275,38.81,1,1,1,0,0,1,4,0
8480,泰昇-KY,19.6,8.12,32.33,5.87,84.1,64.82,1,1,1,1,0,1,5,1
8481,政伸,25.94,5.75,48.89,7.49,60.1,36.38,1,1,1,1,1,1,6,1
8482,商億-KY,31.24,8.4,38.56,10.48,70.2,0,1,1,1,1,1,0,5,1
8488,吉源-KY,0.8,0.3,9.4,3.46,16.2,8.31,0,1,0,0,1,0,2,-1
8499,鼎炫-KY,24.11,9.93,49.13,5.72,108.5,48.51,1,1,1,1,0,1,5,1
8926,台汽電,7.86,1.6,12.35,4.35,37.5,34.16,0,1,0,0,1,1,3,0
8940,新天地,-5.85,-0.75,46.55,5.21,15.15,21.43,0,0,1,1,1,1,4,0
8996,高力,7.61,1.58,27.33,1.42,115.5,4.53,0,1,1,0,0,0,2,-1
9802,鈺齊-KY,13.25,6,19.3,1.4,193,3.41,1,1,0,0,0,0,2,-1
9902,台火,3.04,0.39,5.14,3.15,10.8,20.88,0,1,0,0,1,1,3,0
9904,寶成,8.94,3.71,24.7,4.64,29.1,7.67,0,1,1,0,1,0,3,0
9906,欣巴巴,3.5,0.41,25.25,0.27,48.25,50.07,0,1,1,0,1,1,4,0
9907,統一實,5.31,0.68,10.77,2.78,20.85,48.06,0,1,0,0,1,1,3,0
9908,大台北,6.92,1.59,22.48,3.36,32.7,12.66,0,1,1,0,1,1,4,0
9910,豐泰,32.01,6.72,23.65,2.74,171.5,17.69,1,1,1,0,0,1,4,0
9911,櫻花,18.73,3.94,35.17,4.7,62.6,9.92,1,1,1,0,1,0,4,0
9912,偉聯,-4.54,-0.44,32.47,18.33,12,6.43,0,0,1,1,1,0,3,0
9914,美利達,18.33,9.13,13.3,2.4,206,24.23,1,1,0,0,0,1,3,0
9918,欣天然,9.44,1.58,24.84,3.27,42.75,40.79,0,1,1,0,1,1,4,0
9919,康那香,7.8,1.11,19.46,4.41,18.35,25.49,0,1,0,0,1,1,3,0
9921,巨大,16.45,10.22,21.9,2.69,228,17.74,1,1,1,0,0,1,4,0
9924,福興,13.1,3.78,21.27,5.45,44,11.04,1,1,1,1,1,1,6,1
9925,新保,8.77,2.32,33.65,4.95,40,16.01,0,1,1,0,1,1,4,0
9927,泰銘,11.48,2.93,10.18,7.61,35.2,38.36,1,1,0,1,1,1,5,1
9928,中視,-23.19,-0.98,-5.87,0,29.6,51.33,0,0,0,0,1,1,2,-1
9929,秋雨,10.75,1.17,10.27,0.9,8.9,8.54,1,1,0,0,1,0,3,0
9931,欣高,10.13,1.91,18.19,2.9,39.35,24.83,1,1,0,0,1,1,4,0
9933,中鼎,10.86,2.16,6.68,4.92,47.8,9.05,1,1,0,0,1,0,3,0
9934,成霖,6.7,1.09,27.21,7.84,12.5,6.52,0,1,1,1,1,0,4,0
9935,慶豐富,13.16,1.36,18.58,2.56,17.95,10.27,1,1,0,0,1,1,4,0
9938,百和,16.41,5.45,37.35,4.75,63.6,7.39,1,1,1,0,1,0,4,0
9939,宏全,11.22,5.04,20.14,4.05,77.8,8.2,1,1,1,0,1,0,4,0
9940,信義,17.08,2.67,30.47,6.13,31,32.56,1,1,1,1,1,1,6,1
9941,裕融,17.38,9.73,48.01,3.35,156,36.08,1,1,1,0,0,1,4,0
9942,茂順,15.49,5.53,34.21,4.38,99.6,15.6,1,1,1,0,0,1,4,0
9943,好樂迪,15.48,4.23,53.83,6.9,54.5,38.23,1,1,1,1,1,1,6,1
9944,新麗,4.24,1.08,22.99,2.93,20.5,26.69,0,1,1,0,1,1,4,0
9945,潤泰新,17.81,7.47,22.38,2.65,60.3,27.81,1,1,1,0,1,1,5,1
9955,佳龍,-6.44,-1.1,0.55,3.75,21.35,39.16,0,0,0,0,1,1,2,-1
9958,世紀鋼,8.58,2.61,16.63,1.81,83.2,18.91,0,1,0,0,0,1,2,-1
