代號,公司,股價
1101,台泥,33.7
1102,亞泥,41.15
1103,嘉泥,17.5
1104,環泥,22.75
1108,幸福,10.95
1109,信大,16.55
1110,東泥,17.8
1201,味全,19.25
1203,味王,34.85
1210,大成,44.55
1213,大飲,7.49
1215,卜蜂,77.7
1216,統一,65.4
1217,愛之味,10.4
1218,泰山,38.55
1219,福壽,19.2
1220,台榮,15.25
1225,福懋油,57.0
1227,佳格,39.6
1229,聯華,49.75
1231,聯華食,74.4
1232,大統益,144.5
1233,天仁,32.6
1234,黑松,32.9
1235,興泰,69.3
1236,宏亞,22.9
1240,茂生農經,43.75
1256,鮮活-KY,282.5
1258,其祥-KY,20.35
1259,安心,73.4
1264,德麥,257.0
1268,漢來美食,132.5
1301,台塑,86.3
1303,南亞,72.6
1304,台聚,21.4
1305,華夏,25.9
1307,三芳,21.15
1308,亞聚,27.95
1309,台達化,22.0
1310,台苯,13.65
1312,國喬,18.5
1313,聯成化,13.8
1314,中石化,10.0
1315,達新,71.2
1316,上曜,12.25
1319,東陽,47.35
1321,大洋,33.95
1323,永裕,33.0
1324,地球,10.4
1325,恆大,24.3
1326,台化,70.4
1336,台翰,26.0
1337,再生-KY,7.04
1338,廣華-KY,45.55
1339,昭輝,43.4
1340,勝悅-KY,10.05
1341,富林-KY,68.5
1342,八貫,129.0
1402,遠東新,32.65
1409,新纖,17.05
1410,南染,42.85
1413,宏洲,9.57
1414,東和紡,18.0
1416,廣豐,10.4
1417,嘉裕,13.8
1418,東華,14.1
1419,新光紡,40.85
1423,利華,19.85
1432,大魯閣,11.95
1434,福懋興,26.45
1436,福益,56.6
1437,勤益,25.8
1438,裕豐,31.7
1439,中和,21.8
1440,南紡,17.2
1441,大東,7.97
1442,名軒,36.9
1443,立益,21.05
1444,力麗,10.55
1445,大宇,16.0
1446,宏和,30.25
1447,力鵬,7.81
1449,佳和,15.95
1451,年興,21.3
1452,宏益纖,17.45
1453,大將,16.15
1454,台富,13.0
1455,集盛,10.4
1456,怡華,16.15
1457,宜進實,18.9
1459,聯發,8.48
1460,宏遠興,7.24
1463,強盛,14.35
1464,得力,14.3
1465,偉全,14.0
1466,聚隆,11.8
1467,南緯,12.2
1468,昶和纖,13.2
1470,大統新創,18.75
1471,首利,8.0
1472,三洋實業,22.2
1473,台南,21.1
1474,弘裕,11.95
1475,本盟,64.8
1476,儒鴻,451.0
1477,聚陽,238.5
1503,士電,59.7
1504,東元,27.85
1506,正道,17.55
1512,瑞利,3.65
1513,中興電,63.6
1514,亞力,30.15
1515,力山,32.5
1516,川飛,20.05
1517,利奇,20.95
1519,華城,48.45
1521,大億,35.15
1522,堤維西,28.2
1524,耿鼎,24.55
1525,江申,58.8
1526,日馳,44.0
1527,鑽全,41.7
1528,恩德,10.35
1529,樂士,18.2
1530,亞崴,30.9
1531,高林股,14.0
1532,勤美,29.6
1533,車王電,50.9
1535,中宇,42.6
1536,和大,76.2
1537,廣隆,135.5
1538,正峰新,6.2
1539,巨庭,30.4
1540,喬福,15.5
1541,錩泰,34.15
1558,伸興,120.0
1560,中砂,117.0
1565,精華,250.0
1568,倉佑,24.35
1569,濱川,23.1
1570,力肯,16.6
1580,新麥,87.4
1582,信錦,58.4
1583,程泰,61.5
1584,精剛,23.1
1586,和勤,33.8
1587,吉茂,21.85
1589,永冠-KY,57.1
1590,亞德客-KY,943.0
1591,駿吉-KY,17.05
1593,祺驊,72.5
1595,川寶,37.8
1597,直得,73.0
1598,岱宇,44.0
1599,宏佳騰,40.7
1603,華電,26.7
1604,聲寶,26.0
1605,華新麗華,47.3
1608,華榮,14.8
1609,大亞,20.5
1611,中電,13.9
1612,宏泰,16.8
1614,三洋電,35.8
1615,大山,28.9
1616,億泰,7.55
1617,榮星,15.0
1618,合機,14.55
1626,艾美特-KY,17.45
1701,中化,27.8
1702,南僑,44.9
1707,葡萄王,159.5
1708,東鹼,42.75
1709,和益,22.45
1710,東聯,18.9
1711,永光,19.55
1712,興農,37.2
1713,國化,24.85
1714,和桐,8.73
1717,長興,31.55
1718,中纖,8.71
1720,生達,61.9
1721,三晃,15.65
1722,台肥,54.2
1723,中碳,106.5
1725,元禎,20.85
1726,永記,70.7
1727,中華化,27.95
1730,花仙子,55.0
1731,美吾華,18.7
1732,毛寶,31.1
1733,五鼎,26.2
1734,杏輝,35.9
1735,日勝化,15.1
1736,喬山,78.0
1737,台鹽,32.0
1742,台蠟,15.05
1752,南光,53.9
1760,寶齡,170.0
1762,中化合成,65.1
1773,勝一,116.5
1776,展宇,16.75
1777,生泰,88.2
1781,合世,15.7
1783,和康生,47.05
1784,訊聯,44.1
1785,光洋科,32.9
1786,科妍,53.9
1788,杏昌,143.5
1789,神隆,27.15
1795,美時化,251.5
1796,金穎生技,58.5
1799,易威,16.1
1802,台玻,24.55
1805,寶徠,10.65
1806,冠軍,9.25
1808,潤隆,65.1
1809,中釉,13.05
1810,和成,19.3
1813,寶利徠,23.3
1815,富喬,12.1
1817,凱撒衛,36.35
1903,士紙,50.4
1904,正隆,27.8
1905,華紙,16.75
1906,寶隆,16.75
1907,永豐餘,25.15
1909,榮成,15.35
2002,中鋼,29.15
2006,東和鋼,52.2
2007,燁興,11.25
2008,高興昌,17.2
2009,第一銅,32.0
2010,春源,16.2
2012,春雨,23.2
2013,中鋼構,59.2
2014,中鴻,26.4
2015,豐興鋼,67.0
2017,官田鋼,13.75
2020,美亞鋼,23.75
2022,聚亨,8.78
2023,燁輝,15.8
2024,志聯,18.5
2025,千興,4.98
2027,大成鋼,43.6
2028,威致,28.1
2029,盛餘,24.1
2030,彰源,23.3
2031,新光鋼,41.7
2032,新鋼,19.8
2033,佳大,14.75
2034,允強,28.2
2035,唐榮,31.7
2038,海光,21.3
2049,上銀科,183.0
2059,川湖,403.5
2061,風青,26.6
2062,橋椿,22.5
2063,世鎧,39.55
2064,晉椿,17.35
2065,世豐,53.2
2066,世德,79.3
2067,嘉鋼,10.8
2069,運錩,20.55
2070,精湛,33.85
2101,南港,34.25
2102,泰豐,20.8
2103,台橡,27.85
2104,中橡,20.05
2105,正新,34.1
2106,建大,30.35
2107,厚生,21.8
2108,南帝,37.45
2109,華豐,14.7
2114,鑫永銓,98.6
2115,六暉-KY,29.6
2201,裕隆,65.0
2204,中華,55.2
2206,三陽,36.25
2207,和泰車,599.0
2208,台船,19.7
2211,長榮鋼,51.7
2221,大甲,37.95
2227,裕日車,196.0
2228,劍麟,79.5
2230,泰茂,28.05
2231,為升,149.0
2233,宇隆,101.0
2235,謚源,48.6
2236,百達-KY,25.4
2239,英利-KY,62.5
2241,艾姆勒,32.2
2243,宏旭-KY,12.5
2247,汎德永業,216.0
2250,第一化成IKKA-KY,74.7
2301,光寶科,63.4
2302,麗正,18.0
2303,聯電,43.8
2305,全友,27.3
2308,台達電,291.5
2312,金寶,14.2
2313,華通,47.75
2314,台揚,40.1
2316,楠梓電,26.15
2317,鴻海,101.0
2321,東訊,5.51
2323,中環,7.7
2324,仁寶,21.7
2327,國巨,474.0
2328,廣宇,38.3
2329,華泰電,18.2
2330,台積電,471.5
2331,精英,21.8
2332,友訊,15.05
2337,旺宏,34.75
2338,光罩,89.1
2340,台亞,35.85
2342,茂矽,40.1
2344,華邦電,20.65
2345,智邦,248.0
2347,聯強,59.0
2348,海悅,65.6
2349,錸德,8.1
2351,順德,102.5
2352,佳世達,27.75
2353,宏碁,23.0
2354,鴻準,53.7
2355,敬鵬,30.5
2356,英業達,24.7
2357,華碩,267.5
2358,廷鑫,14.3
2359,所羅門,27.05
2360,致茂,178.5
2362,藍天,31.2
2363,矽統,16.6
2364,倫飛,110.5
2365,昆盈,9.97
2367,燿華,18.35
2368,金像,95.0
2369,菱生,13.75
2371,大同,34.35
2373,震旦行,78.5
2374,佳能,21.15
2375,凱美,59.5
2376,技嘉,102.5
2377,微星,120.5
2379,瑞昱,292.5
2380,虹光,12.15
2382,廣達,72.1
2383,台光電,187.0
2385,群光,84.6
2387,精元,40.85
2388,威盛,75.0
2390,云辰,13.8
2392,正崴,37.95
2393,億光,38.0
2395,研華,325.5
2397,友通,59.0
2399,映泰,13.45
2401,凌陽,24.6
2402,毅嘉,18.9
2404,漢唐,179.0
2405,浩鑫,12.5
2406,國碩,20.0
2408,南亞科,54.8
2409,友達,15.45
2412,中華電,111.0
2413,環科,28.2
2414,精技,30.45
2415,錩新,22.6
2417,圓剛,23.3
2419,仲琦,25.8
2420,新巨,39.7
2421,建準,44.85
2423,固緯,27.15
2424,隴華,20.5
2425,承啟,28.45
2426,鼎元,17.6
2427,三商電,12.0
2428,興勤,117.5
2429,銘旺科,10.65
2430,燦坤,41.5
2431,聯昌,10.25
2433,互盛電,48.1
2434,統懋,28.75
2436,偉詮,44.15
2438,翔耀,13.5
2439,美律,80.4
2440,太空梭,12.45
2441,超豐,48.1
2442,新美齊,13.7
2443,昶虹,2.8
2444,兆勁,19.15
2449,京元電,36.1
2450,神腦,31.0
2451,創見,67.0
2453,凌群,25.15
2454,聯發科,709.0
2455,全新,70.8
2457,飛宏,39.65
2458,義隆電,89.7
2459,敦吉,52.0
2460,建通,17.35
2461,光群雷,18.8
2462,良得,27.4
2464,盟立,39.05
2465,麗台,36.55
2466,冠西電,32.7
2467,志聖,43.2
2468,華經,28.1
2471,資通,27.25
2472,立隆,56.3
2474,可成,173.0
2476,鉅祥,48.1
2477,美隆電,20.2
2478,大毅,44.7
2480,敦陽科,82.8
2481,強茂,64.6
2482,連宇,27.4
2483,百容,24.9
2484,希華,35.4
2485,兆赫,18.95
2486,一詮,22.2
2488,漢平,29.0
2489,瑞軒,9.78
2491,吉祥全,12.4
2492,華新科,81.9
2493,揚博,43.4
2495,普安,22.75
2496,卓越,47.3
2497,怡利電,79.3
2498,宏達電,58.4
2501,國建,15.6
2504,國產,25.45
2505,國揚,18.9
2506,太設,9.41
2509,全坤興,14.4
2511,太子,10.7
2514,龍邦,17.75
2515,中工,8.4
2516,新建,5.08
2520,冠德,28.9
2524,京城,33.95
2527,宏璟,21.5
2528,皇普,16.1
2530,華建,18.45
2534,宏盛,25.3
2535,達欣工,29.65
2536,宏普,22.35
2537,聯上發,7.21
2538,基泰,12.1
2539,櫻花建,32.1
2540,愛山林,71.4
2542,興富發,42.75
2543,皇昌,8.83
2545,皇翔,40.95
2546,根基,50.5
2547,日勝生,9.15
2548,華固,87.6
2596,綠意,17.25
2597,潤弘,118.0
2601,益航,9.0
2603,長榮海,155.0
2605,新興,20.1
2606,裕民,47.95
2607,榮運,27.65
2608,大榮,37.95
2609,陽明,63.2
2610,華航,19.1
2611,志信,13.4
2612,中航,36.4
2613,中櫃,23.0
2614,東森,22.75
2615,萬海,70.3
2616,山隆,32.05
2617,台航,26.65
2618,長榮航,27.75
2630,亞航,17.15
2633,高鐵,28.45
2634,漢翔,34.35
2636,台驊,72.4
2637,慧洋-KY,59.6
2640,大車隊,84.5
2641,正德,17.85
2642,宅配通,46.65
2643,捷迅,68.6
2701,萬企,12.2
2702,華園,22.95
2704,國賓,30.9
2705,六福,16.95
2706,第一店,14.2
2707,晶華,250.5
2712,悅來,32.9
2718,晶悅,34.3
2719,燦星旅,33.3
2722,夏都,34.2
2723,美食-KY,140.5
2724,富驛-KY,13.75
2726,雅茗-KY,23.45
2727,王品,163.0
2729,瓦城,203.5
2731,雄獅,101.5
2732,六角,122.0
2734,易飛網,27.0
2736,高野,22.25
2739,寒舍,29.65
2740,天蔥,49.0
2743,山富,55.7
2745,五福,38.3
2748,雲品,56.7
2752,豆府,181.5
2753,八方雲集,207.5
2754,亞洲藏壽司,137.5
2755,揚秦,82.0
2756,聯發國際,120.5
2801,彰銀,17.35
2809,京城銀,35.85
2812,台中銀,13.05
2816,旺旺保,15.7
2820,華票,14.55
2832,台產,20.4
2834,台企銀,12.9
2836,高雄銀,12.6
2838,聯邦銀,16.2
2845,遠東銀,11.2
2849,安泰銀,14.75
2850,新產,47.85
2851,中再保,18.7
2852,第一產,15.75
2855,統一證,15.75
2867,三商壽,5.79
2880,華南金,22.35
2881,富邦金,57.6
2882,國泰金,40.95
2883,開發金,12.8
2884,玉山金,24.2
2885,元大金,22.1
2886,兆豐金,30.8
2887,台新金,14.95
2888,新光金,8.64
2889,國票金,11.4
2890,永豐金,17.4
2891,中信金,22.7
2892,第一金,26.0
2897,王道銀行,8.45
2901,欣欣,23.7
2903,遠東百,20.55
2904,匯僑,19.75
2905,三商行,15.3
2906,高林,17.3
2908,特力,19.85
2910,統領,31.95
2911,麗嬰房,7.1
2912,統一超,268.5
2913,農林,23.05
2915,潤泰全,66.9
2916,滿心,23.55
2923,鼎固-KY,22.9
2924,東凌-KY,30.0
2926,誠生,60.0
2929,淘帝-KY,16.6
2937,集雅社,36.7
2939,凱羿-KY,39.1
2945,三商家購,44.6
3002,歐格,11.55
3003,健和興,71.5
3004,豐達,73.1
3005,神基,43.5
3006,晶豪科,70.7
3008,大立光,2190.0
3010,華立,86.6
3011,今皓,14.9
3013,晟銘,19.85
3014,聯陽,75.1
3015,全漢,38.35
3016,嘉晶,74.4
3017,奇鋐,114.0
3019,亞光,63.0
3021,衛展,20.6
3022,威強電,77.0
3023,信邦,283.0
3024,憶聲,13.3
3025,星通,21.2
3026,禾伸堂,89.6
3027,盛達,34.35
3028,增你強,28.45
3029,零壹,40.85
3030,德律,65.6
3031,佰鴻,15.9
3032,偉訓,30.2
3033,威健,26.6
3034,聯詠,295.5
3035,智原,164.0
3036,文曄,62.7
3037,欣興,146.0
3038,全台,21.35
3040,遠見,30.05
3041,揚智,21.75
3042,晶技,84.2
3044,健鼎,97.0
3045,台灣大,95.1
3046,建碁,50.0
3047,訊舟,16.8
3048,益登,27.7
3049,和鑫,9.41
3050,鈺德,17.3
3051,力特,19.0
3052,夆典,10.45
3054,立萬利,19.55
3055,蔚華科,25.05
3056,總太,30.75
3057,喬鼎,10.15
3058,立德,10.1
3059,華晶,36.15
3060,銘異,17.05
3062,建漢,24.7
3064,泰偉,11.35
3066,李洲,23.9
3067,全域,32.3
3071,協禧,25.6
3073,普格,28.65
3078,僑威,27.45
3081,聯亞,119.5
3083,網龍,46.0
3085,久大,10.1
3086,華義,81.7
3088,艾訊,58.6
3089,億杰,49.5
3090,日電貿,51.3
3092,鴻碩,36.6
3093,港建,26.6
3094,聯傑,25.2
3095,及成,36.0
3105,穩懋,148.5
3114,好德,26.45
3115,寶島,11.0
3118,進階,27.85
3122,笙泉,26.6
3128,昇銳,46.75
3130,一零四,202.5
3131,弘塑,232.0
3138,耀登,145.0
3141,晶宏,84.9
3147,大綜,52.4
3149,正達,20.2
3152,璟德,184.5
3162,精確,47.45
3163,波若威,55.1
3164,景岳,26.75
3167,大量,42.4
3169,亞信,108.5
3171,新洲,16.0
3176,基亞,36.85
3178,公準,64.8
3188,安茂微,13.05
3189,景碩,115.0
3191,和進,7.54
3202,樺晟,14.95
3205,佰研,46.85
3206,志豐,29.65
3207,耀勝,52.2
3209,全科,35.85
3211,順達,74.7
3213,茂訊,44.0
3217,優群,81.3
3218,大學光,288.0
3219,倚強,53.4
3221,台嘉碩,26.65
3224,三顧,45.4
3226,至寶電,60.3
3227,原相,96.7
3228,金麗科,189.5
3229,晟鈦,20.15
3230,錦明,13.75
3231,緯創,28.9
3232,昱捷,30.5
3234,光環,25.0
3236,千如,25.45
3252,海灣科,17.7
3257,虹冠電,44.3
3259,鑫創,17.75
3260,威剛,60.1
3264,欣銓,50.2
3265,台星科,46.8
3266,昇陽,11.9
3268,海德威,22.8
3272,東碩,45.95
3276,宇環,12.35
3284,太普高,14.0
3285,微端,18.75
3287,廣寰科,14.4
3288,點晶,24.05
3289,宜特,80.0
3290,東浦,22.8
3293,鈊象,388.5
3294,英濟,18.7
3296,勝德,16.15
3297,杭特,18.65
3303,岱稜,25.9
3305,昇貿,41.7
3306,鼎天,23.45
3308,聯德,14.45
3310,佳穎,41.5
3311,閎暉,33.2
3312,弘憶股,17.65
3313,斐成,9.9
3317,尼克森,57.2
3321,同泰,8.43
3322,建舜電,20.0
3323,加百裕,34.1
3324,雙鴻,156.5
3325,旭品,12.8
3332,幸康,44.3
3338,泰碩,33.45
3339,泰谷,13.1
3346,麗清,36.3
3349,寶德,13.2
3354,律勝,14.0
3356,奇偶,43.6
3357,臺慶科,82.1
3360,尚立,13.6
3362,先進光,78.3
3363,上詮,22.8
3372,典範,11.65
3373,熱映,26.7
3374,精材,102.5
3376,新日興,83.7
3379,彬台,11.75
3380,明泰,30.5
3388,崇越電,71.9
3390,旭軟,18.5
3402,漢科,45.35
3406,玉晶光,371.5
3413,京鼎,192.0
3416,融程電,84.1
3419,譁裕,21.35
3426,台興,37.9
3430,奇鈦科,47.6
3432,台端,20.2
3434,哲固,26.7
3437,榮創,17.65
3438,類比科,51.8
3441,聯一光,41.8
3443,創意,767.0
3444,利機,74.3
3450,聯鈞,38.8
3454,晶睿,213.0
3455,由田,87.2
3465,進泰電子,81.7
3466,致振,29.85
3479,安勤,66.2
3481,群創,11.65
3483,力致,55.7
3484,崧騰,45.5
3489,筌寶,10.3
3490,單井,25.35
3491,昇達科,135.5
3492,長盛,18.8
3494,誠研,12.9
3498,陽程,37.0
3499,環天科,18.55
3501,維熹,51.5
3504,揚明光,82.3
3508,位速,36.1
3511,矽瑪,35.35
3512,能緹,28.85
3515,華擎,130.5
3516,亞帝歐,15.25
3518,柏騰,20.85
3520,振維,20.35
3521,鴻翊,23.2
3522,御頂,10.05
3523,迎輝,18.6
3526,凡甲,120.5
3527,聚積,108.0
3528,安馳,50.4
3529,力旺,1415.0
3530,晶相光,76.9
3531,先益,26.55
3532,台勝科,150.5
3533,嘉澤,883.0
3535,晶彩,23.25
3536,誠創,4.04
3537,堡達,35.1
3540,曜越,28.05
3541,西柏,53.2
3543,州巧,19.9
3545,敦泰,62.5
3546,宇峻,75.7
3548,兆利,59.4
3550,聯穎,14.0
3551,世禾,59.1
3552,同致,154.0
3555,䳯鵬,24.9
3556,禾瑞亞,56.7
3557,嘉威,49.1
3558,神準,221.5
3563,牧德,136.5
3564,其陽,30.05
3567,逸昌,25.8
3570,大塚,89.3
3576,聯合再生,21.0
3577,泓格,86.8
3580,友威科,66.9
3581,博磊,22.65
3583,辛耘,75.9
3587,閎康,167.0
3588,通嘉,59.3
3591,艾笛森,16.85
3592,瑞鼎,294.0
3593,力銘,13.85
3594,磐儀,27.7
3596,智易,101.5
3597,映興,23.15
3605,宏致,32.9
3607,谷崧,12.3
3609,三一東林,50.1
3611,鼎翰,193.0
3615,安可,16.7
3617,碩天,101.0
3622,洋華,28.65
3623,富晶通,15.85
3624,光頡,42.4
3625,西勝,12.9
3628,盈正,42.45
3629,卓韋,40.05
3630,新鉅科,30.25
3631,晟楠,40.6
3632,研勤,10.3
3645,達邁,34.3
3646,艾恩特,23.0
3652,精聯,23.5
3653,健策,384.0
3661,世芯-KY,865.0
3663,鑫科,28.9
3664,安瑞-KY,12.1
3665,貿聯-KY,261.5
3666,光耀,19.2
3669,圓展,46.0
3672,康聯訊,27.3
3673,TPK-KY,30.5
3675,德微,178.5
3679,新至陞,92.0
3680,家登,254.5
3682,亞太電,5.97
3684,榮昌,58.8
3685,元創,21.1
3686,達能,15.0
3687,歐買尬,87.4
3689,湧德,33.7
3691,碩禾,112.5
3693,營邦,107.0
3694,海華,20.0
3701,大眾控,40.5
3702,大聯大,47.35
3703,欣陸,28.35
3704,合勤控,32.8
3705,永信,46.7
3706,神達,29.65
3707,漢磊,93.8
3708,上緯投控,95.6
3709,鑫聯大投控,21.95
3710,連展投控,11.45
3711,日月光投控,96.3
3713,新晶投控,30.15
3714,富采,48.25
4102,永日,40.8
4104,佳醫,65.7
4105,東洋,81.6
4106,雃博,33.85
4107,邦特,116.5
4108,懷特,20.2
4109,穆拉德,14.7
4111,濟生,27.65
4113,聯上,12.0
4114,健喬,51.0
4116,明基醫,71.3
4119,旭富,98.0
4120,友華,37.3
4121,優盛,23.8
4123,晟德,48.3
4126,太醫,80.2
4127,天良,15.0
4128,中天,64.7
4129,聯合骨,44.9
4130,健亞,32.8
4131,晶宇,20.35
4133,亞諾法,42.1
4137,麗豐-KY,194.5
4138,曜亞,62.3
4139,馬光-KY,44.05
4142,國光生,37.1
4147,中裕,71.7
4148,全宇生技-KY,60.2
4153,鈺緯,35.75
4154,康樂-KY,42.4
4155,訊映,27.55
4157,F*太景,17.95
4160,創源,27.7
4161,聿新科,31.0
4162,智擎,124.0
4163,鐿鈦,102.0
4164,承業生,45.55
4167,松瑞藥,22.7
4168,醣聯,35.2
4171,瑞基,57.8
4173,久裕,20.3
4174,浩鼎,74.8
4175,杏一,82.6
4183,福永,20.5
4188,安克,16.15
4190,佐登-KY,79.9
4192,杏國,27.5
4198,環瑞醫,28.4
4205,中華食,102.0
4207,環泰,13.25
4303,信立,15.85
4304,勝昱,10.05
4305,世坤,29.95
4306,炎洲,14.6
4401,東隆興,26.5
4402,福大,10.1
4406,新昕,10.45
4413,飛寶,16.25
4416,三圓,78.0
4417,金洲,39.15
4419,元勝,10.45
4420,光明,30.0
4426,利勤,25.6
4430,耀億,21.7
4432,銘旺實,27.75
4433,興采,30.25
4438,廣越,119.0
4439,冠星-KY,101.5
4440,宜新實業,33.4
4502,源恆,37.25
4503,金雨,35.2
4506,崇友,69.9
4510,高鋒,10.5
4513,福裕,21.65
4523,永彰,40.0
4526,東台,14.6
4527,方土霖,28.95
4528,江興,31.6
4529,淳紳,9.14
4530,宏易創新,6.3
4532,瑞智,16.6
4533,協易機,10.65
4534,慶騰,9.04
4535,至興,38.5
4536,拓凱,193.0
4538,大詠城,19.2
4540,全球傳動,37.7
4541,晟田,31.1
4542,科嶠,26.0
4543,萬在,24.9
4545,銘鈺,28.15
4549,桓達,84.9
4550,長佳,23.75
4551,智伸科,152.5
4552,力達-KY,29.4
4554,橙的,24.95
4555,氣立,50.2
4556,旭然,29.85
4557,永新-KY,101.0
4558,寶緯,23.65
4560,強信-KY,38.4
4561,健椿,21.5
4562,穎漢,15.4
4563,百德,34.6
4564,元翎,23.5
4566,時碩工業,56.7
4568,科際精密,59.0
4571,鈞興-KY,75.3
4572,駐龍,119.0
4576,大銀微系統,71.6
4577,達航科技,31.25
4580,捷流閥業,80.8
4581,光隆精密-KY,34.7
4583,台灣精銳,187.0
4584,君帆,44.45
4609,唐鋒,8.25
4702,中美實,13.1
4706,大恭,17.05
4707,磐亞,12.0
4711,永純,15.0
4712,南璋,4.71
4714,永捷,10.95
4716,大立高,12.4
4720,德淵,14.25
4721,美琪瑪,103.0
4722,國精化,34.4
4726,永昕,40.6
4728,雙美,137.5
4729,熒茂,15.9
4735,豪展,37.1
4736,泰博,176.5
4737,華廣,78.2
4739,康普,100.0
4741,泓瀚,25.9
4743,合一,253.5
4744,皇將,28.05
4745,合富-KY,26.25
4746,台耀,65.9
4747,強生,38.0
4754,國碳科,35.1
4755,三福,130.0
4760,勤凱,48.55
4763,材料-KY,173.0
4764,雙鍵,52.4
4766,南寶,134.5
4767,誠泰科技,26.3
4768,晶呈科技,172.5
4770,上品,308.0
4804,大略-KY,12.3
4806,昇華,6.29
4807,日成-KY,22.4
4903,聯光通,9.93
4904,遠傳,66.8
4905,台聯電,51.0
4906,正文,28.1
4907,富宇,27.8
4908,前鼎,31.7
4909,新復興,16.4
4911,德英,51.3
4912,聯德-KY,78.6
4915,致伸,57.4
4916,事欣科,28.15
4919,新唐,120.0
4923,力士,50.3
4924,欣厚-KY,15.75
4927,泰鼎-KY,59.2
4930,燦星網,26.9
4931,新盛力,50.1
4933,友輝,31.95
4934,太極,29.4
4935,茂林-KY,58.5
4938,和碩,63.2
4939,亞電,15.8
4942,嘉彰,35.8
4943,康控-KY,7.07
4944,兆遠,12.25
4945,陞達科技,48.95
4946,辣椒,51.8
4950,牧東,21.7
4951,精拓科,53.1
4952,凌通,47.35
4953,緯軟,86.0
4956,光鋐,14.85
4958,臻鼎-KY,112.5
4960,誠美材,9.97
4961,天鈺,115.5
4966,譜瑞-KY,797.0
4967,十銓,30.55
4968,立積,118.5
4971,英特磊IET-KY,54.4
4972,湯石,29.65
4973,廣穎,22.1
4974,亞泰,57.2
4976,佳凌,38.3
4977,眾達-KY,106.5
4979,華星光,51.7
4987,科誠,57.7
4989,榮科,26.05
4991,環宇-KY,39.45
4994,傳奇,40.3
4995,晶達,37.85
4999,鑫禾,36.95
5007,三星,51.5
5009,榮剛,36.75
5011,久陽,25.2
5013,強新,35.8
5014,建錩,16.45
5015,華祺,58.1
5016,松和,29.5
5201,凱衛,27.95
5202,力新,14.95
5203,訊連,84.9
5205,中茂,44.6
5206,坤悅,15.2
5209,新鼎,76.7
5210,寶碩,15.15
5211,蒙恬,19.4
5212,凌網,36.65
5213,亞昕,22.35
5215,科嘉-KY,47.5
5220,萬達光電,28.7
5222,全訊,140.5
5223,安力-KY,39.7
5225,東科-KY,37.3
5227,立凱-KY,69.3
5228,鈺鎧,21.5
5230,雷笛克,23.35
5234,達興,71.0
5236,凌陽創新,68.8
5243,乙盛-KY,60.3
5244,弘凱,27.2
5245,智晶,56.5
5251,天鉞電,27.1
5258,虹堡,67.8
5263,智崴,114.5
5269,祥碩,701.0
5272,笙科,26.75
5274,信驊,1950.0
5276,達輝-KY,14.05
5278,尚凡,186.0
5281,大峽-KY,16.8
5283,禾聯碩,103.0
5284,JPP-KY,63.6
5285,界霖,63.8
5287,數字,187.0
5288,豐祥-KY,167.0
5289,宜鼎,187.5
5291,邑昇,33.6
5299,杰力,114.0
5301,寶得利,11.95
5302,太欣,8.6
5306,桂盟,148.0
5309,系統,40.5
5310,天剛,28.1
5312,寶島科,57.8
5314,世紀,17.5
5315,光聯,18.4
5321,友銓,64.3
5324,士開,8.49
5328,華容,10.25
5340,建榮,25.0
5344,立衛,19.5
5345,天揚,5.8
5347,世界,83.8
5348,系通,9.09
5351,鈺創,41.2
5353,台林,29.75
5355,佳總,6.25
5356,協益,20.4
5364,力麗店,23.1
5371,中光電,54.8
5381,合正,5.97
5383,金利,27.15
5386,青雲,34.85
5388,中磊,79.4
5392,能率,20.2
5398,慕康生醫,17.0
5403,中菲,67.9
5410,國眾,32.2
5425,台半,78.7
5426,振發,14.25
5432,達威,30.05
5434,崇越,168.5
5438,東友,16.75
5439,高技,47.55
5443,均豪,30.0
5450,寶聯,17.5
5452,佶優,14.85
5455,昇益開發,33.35
5457,宣德,53.1
5460,同協,11.0
5464,霖宏,25.5
5465,富驊,20.25
5468,凱鈺,17.8
5469,瀚宇博,32.85
5471,松翰,49.65
5474,聰泰,74.0
5475,德宏,11.55
5478,智冠,76.0
5481,新華,12.5
5483,中美晶,153.0
5484,慧友,13.95
5487,通泰,24.9
5488,松普,10.2
5489,彩富,37.25
5490,同亨,21.9
5493,三聯,49.5
5498,凱崴,10.05
5508,永信建,58.3
5511,德昌,30.3
5512,力麒,8.51
5514,三豐,18.2
5515,建國,11.35
5516,雙喜,17.7
5519,隆大,22.75
5520,力泰,55.1
5521,工信,6.64
5522,遠雄建,53.1
5523,豐謙,24.2
5525,順天,23.6
5529,鉅陞,12.9
5530,龍巖,37.05
5531,鄉林,9.46
5533,皇鼎,17.65
5534,長虹,71.2
5536,聖暉,105.5
5538,東明-KY,42.0
5543,崇佑-KY,53.0
5546,永固-KY,47.1
5601,台聯,35.0
5603,陸海,23.05
5604,中連貨,51.7
5607,遠雄港,51.7
5608,四維航,25.6
5609,中菲行,70.6
5701,劍湖山,2.97
5703,亞都,18.9
5704,老爺知,50.8
5706,鳳凰,58.2
5864,致和證,10.5
5871,中租-KY,209.5
5876,上海商銀,47.1
5878,台名,47.45
5880,合庫金,26.1
5902,德記,34.65
5903,全家,190.0
5904,寶雅,464.5
5905,南仁湖,12.0
5906,台南-KY,30.0
5907,大洋-KY,18.3
6005,群益證,11.5
6015,宏遠證,9.83
6016,康和證,10.05
6020,大展證,18.5
6021,大慶證,18.75
6023,元大期,48.65
6024,群益期,36.95
6026,福邦證,10.15
6101,弘捷,26.95
6103,合邦,7.18
6104,創惟,101.0
6108,競國,16.65
6109,亞元,16.15
6111,大宇資,49.05
6112,聚碩,32.25
6113,亞矽,17.6
6114,翔昇,24.5
6115,鎰勝,42.5
6116,彩晶,11.1
6117,迎廣,14.2
6118,建達,36.55
6120,達運,8.96
6121,新普,293.0
6122,擎邦,16.9
6123,上奇,55.0
6124,業強,28.3
6125,廣運,26.45
6126,信音,20.6
6127,九豪,17.25
6128,上福,29.5
6129,普誠,31.2
6130,基因,30.7
6133,金橋,24.3
6134,萬旭,22.7
6136,富爾特,18.4
6138,茂達,130.0
6139,亞翔,37.3
6140,訊達,17.2
6141,柏承,21.15
6142,友勁,10.1
6143,振曜,68.6
6144,得利,15.15
6146,耕興,222.0
6147,頎邦,58.5
6148,驊宏資,12.65
6150,撼訊,67.5
6151,晉倫,25.5
6152,百一,10.25
6153,嘉聯益,24.8
6154,順發,15.45
6155,鈞寶,25.0
6156,松上,20.25
6158,禾昌,25.85
6160,欣技,17.75
6161,捷波,25.25
6163,華電網,15.6
6164,華興,10.3
6165,浪凡,28.35
6166,凌華,55.0
6167,久正,12.2
6168,宏齊,18.1
6169,昱泉,19.6
6170,統振,34.25
6171,亞銳士,24.3
6173,信昌電,35.1
6174,安碁,26.8
6175,立敦,31.9
6176,瑞儀,103.5
6177,達麗,28.85
6179,亞通,22.2
6180,橘子,67.7
6182,合晶,43.85
6183,關貿,59.8
6184,大豐電,48.0
6185,幃翔,12.35
6186,新潤,32.9
6187,萬潤,69.0
6188,廣明,41.25
6189,豐藝,38.05
6190,萬泰科,30.75
6191,精成,28.65
6192,巨路,70.2
6194,育富,23.85
6195,詩肯,42.8
6196,帆宣,121.5
6197,佳必琪,40.5
6198,凌泰,19.5
6199,精威,17.85
6201,亞弘電,39.65
6202,盛群,68.0
6203,海韻電,52.8
6204,艾華,58.2
6205,詮欣,74.0
6206,飛捷,66.4
6207,雷科,26.65
6208,日揚,49.6
6209,今國,26.1
6210,慶生,35.6
6212,理銘,54.0
6213,聯茂,76.5
6214,精誠,69.8
6215,和椿,20.45
6216,居易,25.7
6217,中探針,45.15
6218,豪勉,18.25
6219,富旺,11.05
6220,岳豐,25.5
6221,晉泰,51.7
6222,上揚,15.5
6223,旺矽,117.0
6224,聚鼎,55.5
6225,天瀚,10.3
6226,光鼎,11.1
6227,茂綸,40.0
6228,全譜,12.95
6229,研通,25.5
6230,超眾,122.0
6231,系微,90.7
6233,旺玖,22.75
6234,高僑,23.5
6235,華孚,37.35
6236,康呈生,17.4
6237,驊訊,47.75
6239,力成,82.2
6240,松崗,18.15
6241,易通展,16.6
6242,立康,54.9
6243,迅杰,28.75
6244,茂迪,29.1
6245,立端,97.0
6246,臺龍,14.8
6247,淇譽電,15.35
6248,沛波,22.2
6257,矽格,50.1
6259,百徽,22.65
6261,久元,59.2
6263,普萊德,87.7
6264,富裔,8.17
6265,方土昶,10.1
6266,泰詠,26.55
6269,台郡,100.5
6270,倍微,22.0
6271,同欣電,209.5
6274,台燿,54.4
6275,元山,26.7
6276,名鐘,14.3
6277,宏正,76.8
6278,台表科,97.5
6279,胡連,161.5
6281,全國電,81.6
6282,康舒,30.35
6283,淳安,33.7
6284,佳邦,50.4
6285,啟碁,85.0
6287,元隆,24.2
6288,聯嘉,24.85
6290,良維,55.3
6291,沛亨,100.0
6292,迅德,38.55
6294,智基,104.0
6404,通訊-KY,18.4
6405,悅城,21.15
6409,旭隼,1655.0
6411,晶焱,93.0
6412,群電,74.7
6414,樺漢,208.5
6415,矽力-KY,492.0
6416,瑞祺電通,92.0
6417,韋僑,87.3
6418,詠昇,16.2
6419,京晨科,35.4
6425,易發,19.45
6426,統新,68.4
6431,光麗-KY,21.15
6432,今展科,32.2
6435,大中,102.0
6438,迅得,88.9
6441,廣錠,50.2
6442,光聖,51.1
6443,元晶,35.05
6446,藥華藥,527.0
6449,鈺邦,43.7
6451,訊芯-KY,90.4
6456,GIS-KY,91.1
6457,紘康,58.8
6461,益得,36.3
6462,神盾,64.3
6464,台數科,99.0
6465,威潤,16.95
6469,大樹,288.5
6470,宇智,58.1
6472,保瑞,402.0
6477,安集,47.8
6482,弘煜科,43.8
6485,點序,71.3
6486,互動,59.7
6488,環球晶,454.5
6491,晶碩,402.5
6492,生華科,62.6
6494,九齊,72.9
6496,科懋,28.3
6499,益安,57.5
6504,南六,72.3
6505,台塑化,81.0
6506,雙邦,19.6
6508,惠光,37.15
6509,聚和,41.1
6510,精測,506.0
6512,啟發電,24.9
6514,芮特-KY,53.2
6515,穎崴,455.0
6516,勤崴國際,77.7
6523,達爾膚,103.5
6525,捷敏-KY,71.3
6527,明達醫,54.9
6530,創威,22.85
6531,愛普,184.5
6532,瑞耘,52.4
6533,晶心科,510.0
6535,順藥,38.8
6538,倉和,71.6
6541,泰福-KY,40.05
6542,隆中,48.8
6546,正基,75.8
6547,高端疫苗,80.0
6548,長華科,31.5
6550,北極星藥業-KY,100.0
6552,易華電,32.15
6556,勝品,130.5
6558,興能高,23.9
6560,欣普羅,36.15
6561,是方,286.0
6568,宏觀,185.5
6569,醫揚,100.0
6570,維田,47.15
6573,虹揚-KY,13.2
6574,霈方,48.95
6576,逸達,94.7
6577,勁豐,58.4
6578,達邦蛋白,15.75
6579,研揚,86.6
6581,鋼聯,96.0
6582,申豐,58.7
6585,鼎基,51.8
6588,東典光電,31.75
6589,台康生技,145.5
6590,普鴻,53.0
6591,動力-KY,44.3
6592,和潤企業,102.5
6593,台灣銘板,44.95
6594,展匯科,27.85
6596,寬宏藝術,44.5
6598,瑞磁ABC-KY,31.5
6603,富強鑫,17.6
6605,帝寶,74.6
6609,瀧澤,35.25
6612,奈米醫材,82.1
6613,朋億,90.4
6615,慧智,37.3
6616,特昇-KY,14.1
6624,萬年清,40.0
6625,必應,35.5
6629,泰金-KY,49.55
6640,均華,87.8
6641,基士德-KY,53.2
6642,富致,43.45
6643,M31,510.0
6649,台生材,35.1
6651,全宇昕,72.2
6654,天正國際,50.1
6655,科定,129.5
6661,威健生技,22.0
6662,樂斯科,30.1
6666,羅麗芬-KY,81.3
6667,信紘科,63.5
6668,中揚光,39.45
6669,緯穎,909.0
6670,復盛應用,219.0
6671,三能-KY,37.75
6672,騰輝電子-KY,76.1
6674,鋐寶科技,23.7
6679,鈺太,223.5
6680,鑫創電子,64.9
6683,雍智科技,187.5
6684,安格,49.15
6689,伊雲谷,83.4
6690,安碁資訊,117.5
6691,洋基工程,196.0
6693,廣閎科,64.1
6695,芯鼎,45.05
6697,東捷資訊,37.45
6698,旭暉應材,29.85
6703,軒郁,102.0
6706,惠特,93.9
6712,長聖,208.5
6715,嘉基,138.0
6716,應廣,78.0
6719,力智,271.0
6721,信實,44.35
6727,亞泰金屬,70.5
6728,上洋,123.5
6732,昇佳電子,234.5
6733,博晟生醫,23.8
6735,美達科技,58.9
6741,91APP*-KY,89.1
6743,安普新,36.0
6747,亨泰光,197.0
6751,智聯服務,43.5
6752,叡揚資訊,60.5
6754,匯僑設計,48.4
6756,威鋒電子,205.5
6761,穩得,89.2
6762,達亞,232.0
6763,綠界科技,412.0
6767,台微醫,31.5
6768,志強-KY,75.1
6770,力積電,32.4
6776,展碁國際,38.7
6781,AES-KY,695.0
6788,華景電,103.0
6789,采鈺,221.0
6790,永豐實,36.2
6791,虎門科技,48.6
6796,晉弘,77.4
6799,來頡,99.9
6803,崑鼎,249.5
6804,明係,54.0
6806,森崴能源,74.0
6807,峰源-KY,25.45
6823,濾能,98.0
6829,千附精密,74.8
6830,汎銓,98.2
6834,天二科技,26.3
6835,圓裕,38.65
6855,數泓科,71.1
7402,邑錡,39.9
7556,意德士,103.0
8011,台通,14.7
8016,矽創,176.5
8021,尖點,29.55
8024,佑華微,22.2
8027,鈦昇,53.8
8028,昇陽半導體,61.1
8032,光菱,29.65
8033,雷虎,40.8
8034,榮群,14.8
8038,長園科,41.8
8039,台虹,41.5
8040,九暘,53.9
8042,金山電,35.55
8043,蜜望實,25.3
8044,網家,54.3
8046,南電,270.0
8047,星雲,12.4
8048,德勝,33.45
8049,晶采,30.1
8050,廣積,84.5
8054,安國,33.1
8059,凱碩,9.52
8064,東捷,17.45
8066,來思達,27.5
8067,志旭,9.06
8068,全達,24.85
8069,元太,165.0
8070,長華,31.6
8071,能率網通,15.1
8072,陞泰,28.15
8074,鉅橡,18.85
8076,伍豐,27.85
8077,洛碁,8.2
8081,致新,144.5
8083,瑞穎,165.5
8084,巨虹,127.5
8085,福華,20.5
8086,宏捷科,71.1
8087,華鎂鑫,25.0
8088,品安,24.05
8089,康全電訊,23.3
8091,翔名,87.4
8092,建暐,13.55
8093,保銳,11.55
8096,擎亞,11.8
8097,常珵,63.3
8099,大世科,38.75
8101,華冠,6.0
8103,瀚荃,31.95
8104,錸寶,37.25
8105,凌巨,12.9
8107,大億金茂,17.6
8109,博大,85.9
8110,華東,12.35
8111,立碁,16.15
8112,至上,36.4
8114,振樺電,111.5
8121,越峰,27.5
8131,福懋科,38.95
8147,正淩,61.8
8150,南茂,33.25
8155,博智,112.0
8163,達方,38.5
8171,天宇,47.45
8176,智捷,10.15
8182,加高,31.1
8183,精星,56.9
8201,無敵,10.5
8210,勤誠,72.5
8213,志超,36.75
8215,明基材,32.55
8222,寶一,29.05
8234,新漢,34.95
8240,華宏,28.2
8249,菱光,28.2
8255,朋程,164.0
8261,富鼎,105.5
8271,宇瞻,41.5
8277,商丞,8.5
8279,生展,159.5
8284,三竹,56.7
8289,泰藝電,37.2
8291,尚茂,5.49
8299,群聯,311.0
8341,日友,169.0
8342,益張,54.4
8349,恒耀,62.7
8354,冠郝,14.35
8358,金居,53.8
8367,建新國際,34.75
8374,羅昇,28.1
8383,千附,38.55
8390,金益鼎,36.3
8401,白紗科,21.0
8403,盛弘,34.25
8404,百和興業-KY,26.55
8409,商之器,19.6
8410,森田,29.1
8411,福貞-KY,13.15
8415,大國鋼,38.9
8416,實威,114.0
8418,捷必勝-KY,9.86
8420,明揚,73.1
8421,旭源,15.3
8422,可寧衛,180.0
8423,保綠-KY,17.65
8424,惠普,66.0
8426,紅木-KY,28.8
8429,金麗-KY,11.2
8431,匯鑽科,51.3
8432,東生華,48.95
8433,弘帆,63.2
8435,鉅邁,59.3
8436,大江,157.5
8437,大地-KY,102.5
8438,昶昕,25.95
8440,綠電,47.25
8442,威宏-KY,75.8
8443,阿瘦,11.05
8444,綠河-KY,39.4
8446,華研,82.4
8450,霹靂,28.25
8454,富邦媒,616.0
8455,大拓-KY,20.45
8462,柏文,125.0
8463,潤泰材,25.05
8464,億豐,272.0
8466,美吉吉-KY,41.4
8467,波力-KY,61.3
8472,夠麻吉,43.8
8473,山林水,27.55
8476,台境,54.4
8477,創業家,19.1
8478,東哥遊艇,322.5
8480,泰昇-KY,84.6
8481,政伸,56.8
8482,商億-KY,70.8
8488,吉源-KY,15.3
8489,三貝德,23.2
8499,鼎炫-KY,102.0
8905,裕國,21.6
8906,花王,19.5
8908,欣雄,66.4
8916,光隆,54.8
8917,欣泰,89.7
8921,沈氏,14.7
8923,時報,21.2
8924,大田,118.5
8926,台汽電,32.55
8927,北基,36.5
8928,鉅明,40.2
8929,富堡,20.75
8930,青鋼,16.75
8931,大汽電,42.1
8932,宏大,46.15
8933,愛地雅,16.6
8935,邦泰,12.2
8936,國統,22.4
8937,合騏,14.6
8938,明安,97.2
8940,新天地,16.7
8941,關中,56.7
8942,森鉅,59.8
8996,高力,162.5
9105,泰金寶,3.96
911622,泰聚亨,5.12
9802,鈺齊-KY,140.5
9902,台火,12.6
9904,寶成,32.4
9905,大華金,24.5
9906,欣巴巴,44.8
9907,統一實,16.85
9908,大台北,31.15
9910,豐泰,181.5
9911,櫻花,63.3
9912,偉聯,9.68
9914,美利達,177.0
9917,中興保,99.4
9918,欣天然,42.25
9919,康那香,17.65
9921,巨大,206.0
9924,福興,41.75
9925,新保,39.3
9926,新海瓦,51.5
9927,泰銘,37.3
9928,中視,20.0
9929,秋雨,8.5
9930,中聯資,46.25
9931,欣高,39.0
9933,中鼎,42.85
9934,成霖,13.1
9935,慶豐富,17.65
9937,全國油,52.0
9938,百和,56.5
9939,宏全,84.2
9940,信義,28.85
9941,裕融,157.5
9942,茂順,102.5
9943,好樂迪,62.0
9944,新麗,20.45
9945,潤泰新,44.45
9946,三發,12.2
9949,琉園,18.3
9950,萬國通,10.65
9951,皇田,65.7
9955,佳龍,20.95
9958,世紀鋼,87.8
9960,邁達康,26.4
9962,有益,16.55
