代碼,股票,ROE_5Y,EPS_5Y,毛利率_5Y,現金股利,成交價,董監持股,現金殖利率,ROE_5YF,EPS_5YF,毛利率_5YF,現金殖利率_F,股價_F,董監持股_F,Sum,判斷
1101,台泥,10.26,3.37,25.68,2.34,34.25,8.38,6.83,1,1,1,1,1,0,5,1
1102,亞泥,8.44,3.36,22.76,2.77,40.0,27.37,6.93,1,1,1,1,1,1,6,1
1103,嘉泥,4.67,1.46,6.77,0.91,17.05,17.15,5.34,0,1,0,1,1,1,4,1
1104,環泥,7.57,2.02,13.3,1.04,20.45,24.16,5.09,1,1,0,1,1,1,5,1
1108,幸福,1.89,0.23,8.91,0.58,10.35,3.95,5.6,0,1,0,1,1,0,3,0
1109,信大,12.95,1.98,27.76,1.0,15.65,36.26,6.39,1,1,1,1,1,1,6,1
1110,東泥,0.89,0.1,3.24,0.12,17.65,34.67,0.68,0,1,0,0,1,1,3,0
1203,味王,12.19,1.84,31.49,1.1,31.8,28.84,3.46,1,1,1,0,1,1,5,1
1210,大成,13.0,3.19,14.12,1.98,44.75,12.98,4.42,1,1,0,0,1,1,4,1
1213,大飲,-4.72,-0.5,7.92,0.0,7.3,12.91,0.0,0,0,0,0,1,1,2,0
1215,卜蜂,19.9,5.05,15.18,3.5,78.6,10.0,4.45,1,1,0,0,1,1,4,1
1216,統一,19.81,3.96,33.79,3.18,65.7,10.05,4.84,1,1,1,0,1,1,5,1
1217,愛之味,2.02,0.23,31.9,0.06,9.4,10.24,0.64,0,1,1,0,1,1,4,1
1218,泰山,8.55,1.04,18.17,0.9,34.85,35.9,2.58,1,1,0,0,1,1,4,1
1219,福壽,3.5,0.69,8.64,0.58,19.45,6.9,2.98,0,1,0,0,1,0,2,0
1220,台榮,5.9,0.73,13.58,0.69,14.4,21.73,4.79,1,1,0,0,1,1,4,1
1225,福懋油,10.58,1.47,9.72,1.34,0.0,22.84,0.0,1,1,0,0,1,1,4,1
1227,佳格,18.51,3.18,29.28,2.31,38.4,3.2,6.02,1,1,1,1,1,0,5,1
1229,聯華,10.23,2.55,20.85,1.7,49.85,23.62,3.41,1,1,1,0,1,1,5,1
1231,聯華食,15.7,3.12,21.38,1.58,70.1,21.79,2.25,1,1,1,0,1,1,5,1
1233,天仁,9.69,1.62,57.2,1.47,33.2,11.07,4.43,1,1,1,0,1,1,5,1
1234,黑松,4.6,2.03,26.28,1.66,33.3,12.06,4.98,0,1,1,0,1,1,4,1
1235,興泰,5.08,2.29,37.2,0.61,62.6,11.62,0.97,1,1,1,0,1,1,5,1
1236,宏亞,1.18,0.2,27.23,0.32,21.6,24.47,1.48,0,1,1,0,1,1,4,1
1256,鮮活果汁-KY,27.37,14.38,35.85,8.48,230.0,0.0,3.69,1,1,1,0,0,0,3,0
1301,台塑,11.75,6.15,15.39,5.3,85.1,14.93,6.23,1,1,0,1,0,1,4,1
1303,南亞,11.39,5.17,13.36,4.44,67.0,18.26,6.63,1,1,0,1,1,1,5,1
1304,台聚,8.12,1.23,13.54,0.86,20.55,24.42,4.18,1,1,0,0,1,1,4,1
1305,華夏,16.15,2.46,18.99,1.56,20.65,33.13,7.55,1,1,0,1,1,1,5,1
1307,三芳,7.26,1.56,24.88,0.8,21.1,9.47,3.79,1,1,1,0,1,0,4,1
1308,亞聚,6.86,1.26,12.72,1.06,27.9,38.36,3.8,1,1,0,0,1,1,4,1
1309,台達化,13.65,1.86,9.0,0.94,20.65,39.37,4.55,1,1,0,0,1,1,4,1
1310,台苯,12.62,1.84,11.04,1.05,13.1,4.54,8.02,1,1,0,1,1,0,4,1
1312,國喬,12.88,3.27,16.29,0.98,18.0,5.38,5.44,1,1,0,1,1,0,4,1
1313,聯成,6.03,1.02,6.4,0.68,12.65,0.0,5.38,1,1,0,1,1,0,4,1
1314,中石化,3.46,0.83,6.98,0.69,9.63,6.91,7.17,0,1,0,1,1,0,3,0
1315,達新,14.2,7.86,17.05,3.0,67.7,17.13,4.43,1,1,0,0,1,1,4,1
1316,上曜,3.35,0.6,23.1,0.83,13.5,9.14,6.15,0,1,1,1,1,0,4,1
1319,東陽,8.94,3.21,23.44,1.44,47.95,18.4,3.0,1,1,1,0,1,1,5,1
1321,大洋,2.15,0.6,6.94,0.34,34.75,5.89,0.98,0,1,0,0,1,0,2,0
1323,永裕,15.73,3.11,24.61,1.58,33.05,13.1,4.78,1,1,1,0,1,1,5,1
1324,地球,2.92,0.39,17.36,0.28,10.55,8.06,2.65,0,1,0,0,1,0,2,0
1325,恆大,17.1,5.19,24.54,3.03,23.0,28.62,13.17,1,1,1,1,1,1,6,1
1326,台化,11.06,6.68,12.94,4.86,68.1,5.72,7.14,1,1,0,1,1,0,4,1
1337,再生-KY,-8.9,-2.42,-17.09,0.23,7.9,14.46,2.91,0,0,0,0,1,1,2,0
1338,廣華-KY,7.65,6.44,25.32,3.6,54.5,17.29,6.61,1,1,1,1,1,1,6,1
1339,昭輝,7.94,3.73,29.19,2.0,39.6,42.78,5.05,1,1,1,1,1,1,6,1
1340,勝悅-KY,3.32,1.97,5.47,0.94,10.1,0.0,9.31,0,1,0,1,1,0,3,0
1341,富林-KY,31.74,7.1,21.99,4.0,65.8,1.64,6.08,1,1,1,1,1,0,5,1
1402,遠東新,5.7,1.81,20.67,1.47,32.1,27.07,4.58,1,1,1,0,1,1,5,1
1409,新纖,5.82,1.1,0.0,0.88,16.8,5.84,5.24,1,1,0,1,1,0,4,1
1410,南染,7.65,1.25,37.48,1.18,41.85,17.35,2.82,1,1,1,0,1,1,5,1
1413,宏洲,4.3,0.31,2.86,0.0,10.55,43.25,0.0,0,1,0,0,1,1,3,0
1414,東和,1.42,0.2,6.08,0.3,17.35,0.0,1.73,0,1,0,0,1,0,2,0
1416,廣豐,4.16,0.92,-61.48,1.28,10.5,8.17,12.19,0,1,0,1,1,0,3,0
1417,嘉裕,-5.21,-0.59,19.19,0.37,10.3,11.6,3.59,0,0,0,0,1,1,2,0
1418,東華,-65.59,-4.21,-53.89,0.0,14.05,54.77,0.0,0,0,0,0,1,1,2,0
1419,新紡,5.61,1.62,25.02,1.52,38.6,0.0,3.94,1,1,1,0,1,0,4,1
1423,利華,3.55,0.65,-12.11,0.89,19.45,25.88,4.58,0,1,0,0,1,1,3,0
1432,大魯閣,-13.61,-1.17,83.05,0.8,12.35,11.03,6.48,0,0,1,1,1,1,4,1
1434,福懋,6.32,2.35,11.79,1.7,27.1,0.0,6.27,1,1,0,1,1,0,4,1
1435,中福,-0.42,-0.03,93.09,0.0,0.0,0.0,0.0,0,0,1,0,1,0,2,0
1436,華友聯,8.32,2.51,26.45,2.63,55.9,0.0,4.7,1,1,1,0,1,0,4,1
1437,勤益控,7.87,2.22,68.98,0.74,24.55,0.0,3.01,1,1,1,0,1,0,4,1
1438,三地開發,0.39,0.02,-112.02,0.0,31.9,0.0,0.0,0,1,0,0,1,0,2,0
1439,中和,5.79,1.45,2.33,1.34,19.35,10.38,6.93,1,1,0,1,1,1,5,1
1440,南紡,2.63,0.42,9.84,0.42,16.65,15.82,2.52,0,1,0,0,1,1,3,0
1441,大東,-8.03,-0.01,-2.72,0.24,7.93,37.16,3.03,0,0,0,0,1,1,2,0
1442,名軒,5.33,1.01,20.45,1.1,28.45,4.23,3.87,1,1,1,0,1,0,4,1
1443,立益,-38.29,-1.16,13.44,0.0,19.9,18.36,0.0,0,0,0,0,1,1,2,0
1444,力麗,-0.2,0.04,6.57,0.44,10.55,19.56,4.17,0,1,0,0,1,1,3,0
1445,大宇,-0.66,-0.07,5.64,0.22,16.3,27.82,1.35,0,0,0,0,1,1,2,0
1446,宏和,-0.18,-0.02,19.13,0.3,31.8,9.41,0.94,0,0,0,0,1,0,1,0
1447,力鵬,-1.41,-0.18,3.24,0.04,8.43,22.04,0.47,0,0,0,0,1,1,2,0
1449,佳和,-11.84,-0.82,6.34,0.0,13.35,6.82,0.0,0,0,0,0,1,0,1,0
1451,年興,1.84,0.46,7.43,1.32,23.3,18.57,5.67,0,1,0,1,1,1,4,1
1452,宏益,7.16,1.33,14.89,1.34,17.3,0.0,7.75,1,1,0,1,1,0,4,1
1453,大將,4.59,0.6,-16.97,0.0,16.3,17.85,0.0,0,1,0,0,1,1,3,0
1454,台富,1.08,0.13,8.07,0.27,12.3,8.24,2.2,0,1,0,0,1,0,2,0
1455,集盛,0.8,0.1,2.96,0.4,9.78,22.06,4.09,0,1,0,0,1,1,3,0
1456,怡華,3.25,0.41,17.63,0.3,16.15,47.63,1.86,0,1,0,0,1,1,3,0
1457,宜進,7.33,1.76,10.15,0.7,18.05,0.0,3.88,1,1,0,0,1,0,3,0
1459,聯發,-5.95,-0.62,-0.21,0.28,8.52,14.96,3.29,0,0,0,0,1,1,2,0
1460,宏遠,-1.74,-0.1,16.6,0.38,7.92,0.0,4.8,0,0,0,0,1,0,1,0
1463,強盛,15.48,2.02,33.5,1.14,13.95,13.58,8.17,1,1,1,1,1,1,6,1
1464,得力,5.86,0.87,17.38,1.15,14.6,8.68,7.88,1,1,0,1,1,0,4,1
1465,偉全,10.16,0.76,11.09,0.56,13.35,16.74,4.19,1,1,0,0,1,1,4,1
1466,聚隆,-3.12,-0.48,6.58,0.79,11.25,20.06,7.02,0,0,0,1,1,1,3,0
1467,南緯,-2.46,-0.12,19.59,0.4,11.65,46.04,3.43,0,0,0,0,1,1,2,0
1468,昶和,-0.26,-0.01,12.89,0.0,12.3,0.0,0.0,0,0,0,0,1,0,1,0
1470,大統新創,5.21,0.58,22.1,0.58,19.25,21.54,3.01,1,1,1,0,1,1,5,1
1471,首利,-14.63,-1.22,-2.71,0.0,7.54,13.19,0.0,0,0,0,0,1,1,2,0
1472,三洋實業,-23.21,-1.84,3.85,0.0,22.0,12.17,0.0,0,0,0,0,1,1,2,0
1473,台南,-0.15,0.16,13.38,0.36,19.35,21.29,1.86,0,1,0,0,1,1,3,0
1474,弘裕,5.01,0.78,12.44,0.48,11.85,13.55,4.05,1,1,0,0,1,1,4,1
1475,業旺,-27.24,-3.86,-24.06,0.0,54.6,0.0,0.0,0,0,0,0,1,0,1,0
1476,儒鴻,24.44,14.39,28.44,10.9,404.0,16.19,2.7,1,1,1,0,0,1,4,1
1477,聚陽,18.53,7.76,20.4,7.12,197.5,9.86,3.61,1,1,1,0,0,0,3,0
1503,士電,6.44,2.76,18.94,1.56,56.2,26.69,2.78,1,1,0,0,1,1,4,1
1504,東元,6.3,1.67,24.35,1.05,27.95,8.06,3.76,1,1,1,0,1,0,4,1
1506,正道,-17.1,-1.12,9.8,0.0,16.4,32.81,0.0,0,0,0,0,1,1,2,0
1512,瑞利,-49.47,-1.48,6.12,0.2,3.3,20.81,6.06,0,0,0,1,1,1,3,0
1513,中興電,9.14,1.78,16.94,1.64,57.1,9.97,2.87,1,1,0,0,1,0,3,0
1514,亞力,7.05,1.03,15.54,0.67,27.55,12.64,2.43,1,1,0,0,1,1,4,1
1515,力山,19.35,3.16,20.79,2.56,29.65,11.91,8.63,1,1,1,1,1,1,6,1
1516,川飛,5.47,0.62,3.6,0.4,23.75,13.82,1.68,1,1,0,0,1,1,4,1
1517,利奇,1.65,0.22,12.26,0.36,23.6,10.6,1.53,0,1,0,0,1,1,3,0
1519,華城,7.68,0.97,14.48,0.8,41.2,19.04,1.94,1,1,0,0,1,1,4,1
1521,大億,19.7,4.82,16.21,2.98,34.8,32.55,8.56,1,1,0,1,1,1,5,1
1522,堤維西,9.86,2.07,22.1,1.08,27.4,8.34,3.94,1,1,1,0,1,0,4,1
1524,耿鼎,7.16,0.86,20.03,0.37,25.3,25.14,1.46,1,1,1,0,1,1,5,1
1525,江申,11.17,5.82,9.47,2.1,58.2,76.83,3.61,1,1,0,0,1,1,4,1
1526,日馳,14.7,2.3,25.36,1.44,49.6,28.0,2.9,1,1,1,0,1,1,5,1
1527,鑽全,17.55,4.59,28.79,2.27,40.5,14.44,5.6,1,1,1,1,1,1,6,1
1528,恩德,-1.25,-0.13,28.16,0.2,9.78,10.03,2.04,0,0,1,0,1,1,3,0
1529,樂士,2.4,0.37,12.87,0.28,19.75,22.86,1.42,0,1,0,0,1,1,3,0
1530,亞崴,8.85,2.37,18.89,1.75,29.4,59.09,5.95,1,1,0,1,1,1,5,1
1531,高林股,1.89,0.4,19.32,0.48,13.8,23.56,3.48,0,1,0,0,1,1,3,0
1532,勤美,7.76,2.35,25.96,1.65,30.75,19.99,5.37,1,1,1,1,1,1,6,1
1533,車王電,4.31,1.52,33.89,0.42,53.1,33.32,0.79,0,1,1,0,1,1,4,1
1535,中宇,5.5,1.39,7.07,1.5,41.9,60.46,3.58,1,1,0,0,1,1,4,1
1536,和大,16.51,3.62,30.56,2.34,87.3,12.09,2.68,1,1,1,0,0,1,4,1
1537,廣隆,24.91,11.49,23.09,9.3,141.0,16.88,6.6,1,1,1,1,0,1,5,1
1538,正峰,-29.08,-1.62,14.71,0.0,6.65,0.0,0.0,0,0,0,0,1,0,1,0
1539,巨庭,11.2,2.0,11.5,1.12,29.65,14.95,3.78,1,1,0,0,1,1,4,1
1540,喬福,4.47,0.75,24.72,0.78,16.0,20.89,4.88,0,1,1,0,1,1,4,1
1541,錩泰,19.52,3.21,17.96,2.26,31.75,31.97,7.12,1,1,0,1,1,1,5,1
1558,伸興,16.57,12.58,26.3,9.26,115.0,10.46,8.05,1,1,1,1,0,1,5,1
1560,中砂,14.48,4.27,30.33,3.08,118.0,14.89,2.61,1,1,1,0,0,1,4,1
1568,倉佑,6.6,0.99,13.51,0.51,24.05,18.91,2.12,1,1,0,0,1,1,4,1
1582,信錦,15.95,6.56,24.54,5.26,62.7,12.79,8.39,1,1,1,1,1,1,6,1
1583,程泰,8.86,3.58,23.48,2.8,62.2,42.17,4.5,1,1,1,0,1,1,5,1
1587,吉茂,4.88,0.95,23.27,0.71,23.0,28.48,3.09,0,1,1,0,1,1,4,1
1589,永冠-KY,3.49,2.93,21.56,1.48,61.9,11.11,2.39,0,1,1,0,1,1,4,1
1590,亞德客-KY,20.06,16.77,49.52,7.88,745.0,4.05,1.06,1,1,1,0,0,0,3,0
1597,直得,13.74,3.31,42.24,1.2,70.9,14.11,1.69,1,1,1,0,1,1,5,1
1598,岱宇,12.32,3.37,31.35,2.39,39.2,8.8,6.1,1,1,1,1,1,0,5,1
1603,華電,5.01,1.6,11.97,0.6,27.75,12.55,2.16,1,1,0,0,1,1,4,1
1604,聲寶,12.46,2.14,19.88,1.66,25.75,5.5,6.45,1,1,0,1,1,0,4,1
1605,華新,9.25,1.96,8.04,1.04,39.1,0.0,2.66,1,1,0,0,1,0,3,0
1608,華榮,2.92,0.49,3.75,0.86,12.85,33.58,6.69,0,1,0,1,1,1,4,1
1609,大亞,7.06,0.8,7.86,0.33,18.15,5.22,1.82,1,1,0,0,1,0,3,0
1611,中電,2.65,0.35,23.32,0.65,15.2,6.14,4.28,0,1,1,0,1,0,3,0
1612,宏泰,4.81,0.72,8.23,1.06,14.8,12.41,7.16,0,1,0,1,1,1,4,1
1614,三洋電,5.12,1.03,20.0,0.92,34.8,33.38,2.64,1,1,1,0,1,1,5,1
1615,大山,11.81,1.75,12.32,1.29,28.3,15.43,4.56,1,1,0,0,1,1,4,1
1616,億泰,-1.67,-0.14,5.13,0.0,7.69,10.44,0.0,0,0,0,0,1,1,2,0
1617,榮星,7.75,0.91,13.56,0.66,14.9,46.17,4.43,1,1,0,0,1,1,4,1
1618,合機,2.08,0.36,7.68,0.34,13.8,35.37,2.46,0,1,0,0,1,1,3,0
1626,艾美特-KY,4.77,1.08,18.33,1.01,17.9,26.18,5.64,0,1,0,1,1,1,4,1
1701,中化,6.65,1.3,34.29,0.82,21.3,17.61,3.85,1,1,1,0,1,1,5,1
1702,南僑,17.22,4.14,34.47,2.32,43.2,17.62,5.37,1,1,1,1,1,1,6,1
1707,葡萄王,29.93,9.68,82.78,6.44,135.0,20.07,4.77,1,1,1,0,0,1,4,1
1708,東鹼,6.99,1.84,25.71,1.04,42.9,11.89,2.42,1,1,1,0,1,1,5,1
1709,和益,7.28,1.13,16.36,1.08,22.5,18.65,4.8,1,1,0,0,1,1,4,1
1710,東聯,2.53,0.44,7.26,0.94,17.9,10.44,5.25,0,1,0,1,1,1,4,1
1711,永光,4.5,0.66,21.65,0.42,18.15,16.0,2.31,0,1,1,0,1,1,4,1
1712,興農,9.97,1.63,27.06,1.34,36.4,14.85,3.68,1,1,1,0,1,1,5,1
1713,國化,4.15,0.63,14.52,0.65,24.4,12.98,2.66,0,1,0,0,1,1,3,0
1714,和桐,6.12,0.54,11.43,0.31,8.95,10.01,3.46,1,1,0,0,1,1,4,1
1717,長興,9.99,1.86,19.91,1.16,0.0,0.0,0.0,1,1,0,0,1,0,3,0
1718,中纖,6.02,0.36,0.0,0.08,8.4,5.71,0.95,1,1,0,0,1,0,3,0
1720,生達,10.67,2.21,43.92,1.78,46.0,19.83,3.87,1,1,1,0,1,1,5,1
1721,三晃,7.53,0.79,10.23,0.28,14.55,9.36,1.92,1,1,0,0,1,0,3,0
1722,台肥,3.31,1.73,22.04,2.32,54.5,24.07,4.26,0,1,1,0,1,1,4,1
1723,中碳,16.44,4.92,24.91,4.34,106.0,34.0,4.09,1,1,1,0,0,1,4,1
1725,元禎,7.24,1.2,4.83,0.93,21.85,11.45,4.26,1,1,0,0,1,1,4,1
1726,永記,9.85,5.07,26.31,3.44,70.3,21.08,4.89,1,1,1,0,1,1,5,1
1727,中華化,2.17,0.33,12.57,0.5,27.7,24.88,1.81,0,1,0,0,1,1,3,0
1730,花仙子,19.09,4.4,44.67,3.28,55.3,22.95,5.93,1,1,1,1,1,1,6,1
1731,美吾華,5.95,0.79,53.53,0.77,18.1,35.35,4.25,1,1,1,0,1,1,5,1
1732,毛寶,2.3,0.25,42.88,0.47,28.8,18.27,1.63,0,1,1,0,1,1,4,1
1733,五鼎,4.63,0.79,25.58,1.17,25.45,10.03,4.6,0,1,1,0,1,1,4,1
1734,杏輝,-3.5,0.06,37.64,0.18,28.95,14.92,0.62,0,1,1,0,1,1,4,1
1735,日勝化,4.7,0.68,16.82,0.46,14.25,58.94,3.23,0,1,0,0,1,1,3,0
1736,喬山,7.37,2.12,47.27,0.79,76.4,62.94,1.03,1,1,1,0,1,1,5,1
1737,臺鹽,6.17,1.87,41.29,1.53,31.95,0.0,4.79,1,1,1,0,1,0,4,1
1752,南光,8.62,1.82,34.66,1.58,34.85,11.21,4.53,1,1,1,0,1,1,5,1
1760,寶齡富錦,10.2,1.47,55.44,1.46,148.5,0.0,0.98,1,1,1,0,0,0,3,0
1762,中化生,9.97,2.66,37.8,1.06,55.7,0.0,1.9,1,1,1,0,1,0,4,1
1773,勝一,19.84,5.94,27.08,3.66,113.5,45.85,3.22,1,1,1,0,0,1,4,1
1776,展宇,5.66,0.8,17.96,1.13,17.75,8.75,6.37,1,1,0,1,1,0,4,1
1783,和康生,4.39,0.53,43.04,0.47,40.55,37.87,1.16,0,1,1,0,1,1,4,1
1786,科妍,5.39,1.13,64.79,1.11,45.8,13.73,2.42,1,1,1,0,1,1,5,1
1789,神隆,3.93,0.52,43.21,0.44,24.8,64.4,1.77,0,1,1,0,1,1,4,1
1795,美時,4.53,1.38,48.46,0.54,168.0,0.0,0.32,0,1,1,0,0,0,2,0
1802,台玻,0.9,0.17,14.38,0.64,18.95,30.09,3.38,0,1,0,0,1,1,3,0
1805,寶徠,-9.84,-0.82,0.64,0.1,10.95,16.43,0.91,0,0,0,0,1,1,2,0
1806,冠軍,-4.65,-0.67,24.72,0.66,8.5,6.94,7.76,0,0,1,1,1,0,3,0
1808,潤隆,15.82,3.47,20.25,3.15,57.3,10.04,5.5,1,1,1,1,1,1,6,1
1809,中釉,-0.63,-0.01,19.72,0.21,12.05,14.19,1.74,0,0,0,0,1,1,2,0
1810,和成,1.71,0.29,25.16,0.22,10.3,8.37,2.14,0,1,1,0,1,0,3,0
1817,凱撒衛,14.24,3.2,31.96,2.06,35.25,15.21,5.84,1,1,1,1,1,1,6,1
1903,士紙,-5.87,-0.64,20.96,0.0,52.2,5.85,0.0,0,0,1,0,1,0,2,0
1904,正隆,10.58,2.26,21.02,1.34,26.7,12.32,5.02,1,1,1,1,1,1,6,1
1905,華紙,1.06,0.18,8.23,0.44,16.7,57.63,2.63,0,1,0,0,1,1,3,0
1906,寶隆,9.41,2.81,7.11,0.6,17.05,29.54,3.52,1,1,0,0,1,1,4,1
1907,永豐餘,5.63,1.29,17.44,0.98,24.8,5.79,3.95,1,1,0,0,1,0,3,0
1909,榮成,8.24,1.67,16.69,0.87,15.4,36.49,5.65,1,1,0,1,1,1,5,1
2002,中鋼,4.82,0.87,9.9,1.16,27.55,20.15,4.21,0,1,0,0,1,1,3,0
2006,東和鋼鐵,7.47,1.83,11.35,2.37,54.1,0.0,4.38,1,1,0,0,1,0,3,0
2007,燁興,-6.04,-0.57,0.81,0.04,10.05,73.56,0.4,0,0,0,0,1,1,2,0
2008,高興昌,-5.16,-0.65,-0.08,0.0,16.35,34.45,0.0,0,0,0,0,1,1,2,0
2009,第一銅,0.72,0.1,0.44,0.76,22.85,39.44,3.33,0,1,0,0,1,1,3,0
2010,春源,3.74,0.63,6.87,0.65,15.2,19.48,4.28,0,1,0,0,1,1,3,0
2012,春雨,9.56,1.18,16.59,0.92,22.5,27.94,4.09,1,1,0,0,1,1,4,1
2013,中鋼構,4.67,1.07,2.67,1.26,53.0,43.18,2.38,0,1,0,0,1,1,3,0
2014,中鴻,14.92,1.13,7.1,0.76,22.55,40.59,3.37,1,1,0,0,1,1,4,1
2015,豐興,13.55,4.15,13.69,3.8,60.7,0.0,6.26,1,1,0,1,1,0,4,1
2017,官田鋼,2.76,0.32,12.41,0.42,12.95,23.02,3.24,0,1,0,0,1,1,3,0
2020,美亞,12.51,1.63,12.32,1.87,24.05,0.0,7.78,1,1,0,1,1,0,4,1
2022,聚亨,-4.39,-0.49,6.64,0.0,8.02,5.67,0.0,0,0,0,0,1,0,1,0
2023,燁輝,1.86,0.41,8.45,0.28,14.15,4.15,1.98,0,1,0,0,1,0,2,0
2024,志聯,5.59,0.66,11.83,0.64,18.85,30.61,3.4,1,1,0,0,1,1,4,1
2025,千興,-18.23,-0.47,-6.05,0.0,4.53,13.81,0.0,0,0,0,0,1,1,2,0
2027,大成鋼,8.17,1.75,17.62,1.48,39.2,6.53,3.78,1,1,0,0,1,0,3,0
2028,威致,19.62,1.2,6.2,0.5,24.55,13.22,2.04,1,1,0,0,1,1,4,1
2029,盛餘,5.57,1.5,10.59,1.04,23.35,65.76,4.45,1,1,0,0,1,1,4,1
2030,彰源,9.64,1.27,11.37,1.0,23.65,24.03,4.23,1,1,0,0,1,1,4,1
2031,新光鋼,12.17,2.48,9.57,2.04,34.9,16.0,5.85,1,1,0,1,1,1,5,1
2032,新鋼,2.74,0.35,5.2,0.46,18.4,26.16,2.5,0,1,0,0,1,1,3,0
2033,佳大,2.83,0.34,12.82,0.24,13.2,14.29,1.82,0,1,0,0,1,1,3,0
2034,允強,9.37,1.75,10.03,1.62,27.65,17.62,5.86,1,1,0,1,1,1,5,1
2038,海光,-0.45,-0.18,1.12,0.68,19.75,32.67,3.44,0,0,0,0,1,1,2,0
2049,上銀,11.64,9.02,33.82,3.76,176.0,0.0,2.14,1,1,1,0,0,0,3,0
2059,川湖,14.74,14.65,53.81,7.9,471.5,16.59,1.68,1,1,1,0,0,1,4,1
2062,橋椿,3.97,1.31,15.09,0.26,22.75,14.93,1.14,0,1,0,0,1,1,3,0
2069,運錩,9.33,2.02,7.42,1.46,21.45,28.44,6.81,1,1,0,1,1,1,5,1
2101,南港,6.96,0.95,19.85,0.48,37.15,4.28,1.29,1,1,0,0,1,0,3,0
2102,泰豐,-5.81,-1.09,15.14,0.13,20.6,34.75,0.63,0,0,0,0,1,1,2,0
2103,台橡,4.99,0.91,12.1,1.04,26.8,14.15,3.88,0,1,0,0,1,1,3,0
2104,國際中橡,7.38,2.46,24.7,0.76,19.65,0.0,3.87,1,1,1,0,1,0,4,1
2105,正新,7.59,1.96,24.57,1.26,35.25,8.1,3.57,1,1,1,0,1,0,4,1
2106,建大,6.01,1.39,21.9,0.92,31.8,25.01,2.89,1,1,1,0,1,1,5,1
2107,厚生,3.98,1.19,28.59,0.97,20.25,24.6,4.79,0,1,1,0,1,1,4,1
2108,南帝,19.62,3.34,26.94,3.18,37.3,38.06,8.53,1,1,1,1,1,1,6,1
2109,華豐,-0.49,-0.44,21.05,0.38,14.2,14.91,2.68,0,0,1,0,1,1,3,0
2114,鑫永銓,17.39,5.82,37.36,5.4,102.0,15.5,5.29,1,1,1,1,0,1,5,1
2115,六暉-KY,14.45,3.91,23.99,1.64,30.6,7.73,5.36,1,1,1,1,1,0,5,1
2201,裕隆,-3.18,-1.99,17.86,0.85,42.9,35.88,1.98,0,0,0,0,1,1,2,0
2204,中華,5.14,2.32,16.89,3.52,41.5,47.64,8.48,1,1,0,1,1,1,5,1
2206,三陽工業,6.93,1.32,17.31,1.13,39.55,0.0,2.86,1,1,0,0,1,0,3,0
2207,和泰車,21.7,20.69,0.0,15.0,578.0,19.22,2.6,1,1,0,0,0,1,3,0
2208,台船,-36.06,-5.16,-14.86,0.66,16.2,41.2,4.07,0,0,0,0,1,1,2,0
2227,裕日車,29.11,20.66,15.77,17.51,192.0,87.83,9.12,1,1,0,1,0,1,4,1
2228,劍麟,13.5,6.59,27.59,3.66,75.2,25.63,4.87,1,1,1,0,1,1,5,1
2231,為升,24.41,8.33,48.92,4.87,164.0,23.1,2.97,1,1,1,0,0,1,4,1
2233,宇隆,14.49,6.67,36.21,4.04,98.8,21.58,4.09,1,1,1,0,0,1,4,1
2236,百達-KY,8.51,2.33,27.12,1.04,20.85,20.94,4.99,1,1,1,0,1,1,5,1
2239,英利-KY,10.81,8.13,18.99,3.05,72.1,39.02,4.23,1,1,0,0,1,1,4,1
2241,艾姆勒,4.54,0.63,25.42,0.3,30.5,12.99,0.98,0,1,1,0,1,1,4,1
2243,宏旭-KY,-7.39,-1.03,6.4,0.3,14.05,26.5,2.14,0,0,0,0,1,1,2,0
2247,汎德永業,11.44,12.99,11.68,9.39,206.5,35.06,4.55,1,1,0,0,0,1,3,0
2301,光寶科,10.35,3.39,14.48,2.52,65.5,6.03,3.85,1,1,0,0,1,0,3,0
2302,麗正,1.36,0.14,33.21,0.26,15.9,25.73,1.64,0,1,1,0,1,1,4,1
2303,聯電,4.26,1.06,18.04,1.34,38.05,6.32,3.52,0,1,0,0,1,0,2,0
2305,全友,5.5,0.52,32.6,0.0,27.55,21.54,0.0,1,1,1,0,1,1,5,1
2308,台達電,14.72,8.01,28.08,5.2,275.0,7.33,1.89,1,1,1,0,0,0,3,0
2312,金寶,3.32,0.4,6.29,0.28,13.85,9.28,2.02,0,1,0,0,1,0,2,0
2313,華通,13.48,2.7,15.58,1.3,46.35,9.17,2.8,1,1,0,0,1,0,3,0
2314,台揚,2.41,0.27,16.1,0.1,40.8,23.93,0.25,0,1,0,0,1,1,3,0
2316,楠梓電,3.58,1.23,6.97,1.7,24.6,19.61,6.91,0,1,0,1,1,1,4,1
2317,鴻海,10.71,8.06,6.33,3.88,107.5,12.58,3.61,1,1,0,0,0,1,3,0
2321,東訊,-6.82,-0.41,12.54,0.0,5.86,30.87,0.0,0,0,0,0,1,1,2,0
2323,中環,-2.32,-0.25,9.44,0.2,7.18,9.14,2.79,0,0,0,0,1,0,1,0
2324,仁寶,7.65,1.8,3.58,1.44,21.6,5.45,6.67,1,1,0,1,1,0,4,1
2327,國巨,30.19,29.34,39.11,18.59,287.0,7.57,6.48,1,1,1,1,0,0,4,1
2328,廣宇,8.94,1.81,8.91,0.91,34.4,3.91,2.65,1,1,0,0,1,0,3,0
2329,華泰,0.11,0.02,6.27,0.23,17.0,0.0,1.35,0,1,0,0,1,0,2,0
2330,台積電,24.37,14.59,49.63,2.75,438.0,6.56,0.63,1,1,1,0,0,0,3,0
2331,精英,-0.7,-0.21,10.74,2.4,25.2,32.5,9.52,0,0,0,1,1,1,3,0
2332,友訊,0.07,-0.1,28.28,0.28,15.45,5.3,1.81,0,0,1,0,1,0,2,0
2337,旺宏,16.28,2.51,32.0,1.28,32.15,2.76,3.98,1,1,1,0,1,0,4,1
2338,光罩,4.3,1.1,16.16,1.13,61.5,7.44,1.84,0,1,0,0,1,0,2,0
2340,台亞,8.91,1.47,29.7,1.85,33.95,23.97,5.45,1,1,1,1,1,1,6,1
2342,茂矽,-3.16,-0.05,16.67,0.25,35.3,31.36,0.71,0,0,0,0,1,1,2,0
2344,華邦電,7.03,0.97,30.96,0.66,20.2,30.14,3.27,1,1,1,0,1,1,5,1
2345,智邦,31.87,6.3,19.86,5.36,286.0,1.77,1.87,1,1,0,0,0,0,2,0
2347,聯強,14.03,3.91,3.94,3.02,54.4,22.61,5.55,1,1,0,1,1,1,5,1
2348,海悅,28.03,5.87,49.06,3.85,69.5,14.85,5.54,1,1,1,1,1,1,6,1
2349,錸德,-13.17,-1.35,6.79,0.0,7.52,3.27,0.0,0,0,0,0,1,0,1,0
2351,順德,12.11,3.42,18.36,2.38,114.0,9.92,2.09,1,1,0,0,0,0,2,0
2352,佳世達,12.43,2.26,12.87,1.39,27.3,17.6,5.09,1,1,0,1,1,1,5,1
2353,宏碁,3.27,0.64,10.55,1.21,21.8,3.67,5.55,0,1,0,1,1,0,3,0
2354,鴻準,7.59,5.9,10.7,2.56,47.4,0.83,5.4,1,1,0,1,1,0,4,1
2355,敬鵬,6.03,2.45,11.2,0.95,29.0,11.63,3.28,1,1,0,0,1,1,4,1
2356,英業達,8.86,1.78,4.87,1.54,23.0,12.46,6.7,1,1,0,1,1,1,5,1
2357,華碩,8.93,20.92,15.11,22.4,231.0,5.7,9.7,1,1,0,1,0,0,3,0
2358,廷鑫,-4.72,-0.32,4.93,0.11,14.8,10.53,0.74,0,0,0,0,1,1,2,0
2359,所羅門,3.98,0.98,20.48,0.86,24.55,23.75,3.5,0,1,1,0,1,1,4,1
2360,致茂,16.78,5.44,46.81,4.63,186.0,4.96,2.49,1,1,1,0,0,0,3,0
2362,藍天,2.15,1.45,24.99,0.99,31.6,9.1,3.13,0,1,1,0,1,0,3,0
2363,矽統,-2.98,-0.41,38.93,0.58,17.1,24.31,3.39,0,0,1,0,1,1,3,0
2364,倫飛,-25.33,-0.75,23.89,0.2,101.0,31.9,0.2,0,0,1,0,0,1,2,0
2365,昆盈,1.13,0.16,24.43,0.28,10.55,6.26,2.65,0,1,1,0,1,0,3,0
2367,燿華,1.72,0.3,11.69,0.58,19.55,7.56,2.97,0,1,0,0,1,0,2,0
2368,金像電,5.68,0.85,14.76,0.77,91.5,0.0,0.84,1,1,0,0,0,0,2,0
2369,菱生,-2.04,-0.3,6.29,0.55,13.45,4.71,4.09,0,0,0,0,1,0,1,0
2371,大同,-20.76,-0.99,10.37,0.0,32.9,1.57,0.0,0,0,0,0,1,0,1,0
2373,震旦行,18.99,6.0,43.44,6.0,80.6,52.63,7.44,1,1,1,1,0,1,5,1
2374,佳能,-2.02,-0.5,13.15,0.62,21.05,10.55,2.95,0,0,0,0,1,1,2,0
2375,凱美,15.21,5.44,20.82,2.1,51.3,7.54,4.09,1,1,1,0,1,0,4,1
2376,技嘉,11.29,4.4,16.72,5.24,84.8,10.79,6.18,1,1,0,1,0,1,4,1
2377,微星,19.96,6.96,14.01,6.06,106.5,13.95,5.69,1,1,0,1,0,1,4,1
2379,瑞昱,20.91,10.38,43.51,12.9,259.5,6.21,4.97,1,1,1,0,0,0,3,0
2380,虹光,-20.59,-2.03,23.29,0.17,12.5,8.84,1.36,0,0,1,0,1,0,2,0
2382,廣達,12.26,4.46,4.92,4.49,74.8,13.04,6.0,1,1,0,1,1,1,5,1
2383,台光電,23.41,8.88,24.24,6.27,155.0,9.23,4.05,1,1,1,0,0,0,3,0
2385,群光,18.0,6.53,17.1,5.15,84.0,10.47,6.13,1,1,0,1,0,1,4,1
2387,精元,6.04,2.01,13.97,1.48,37.15,32.21,3.98,1,1,0,0,1,1,4,1
2388,威盛,15.3,2.06,29.87,0.36,79.7,9.4,0.45,1,1,1,0,1,0,4,1
2390,云辰,-2.87,-0.32,16.19,0.35,12.5,29.14,2.8,0,0,0,0,1,1,2,0
2392,正崴,3.82,2.7,10.08,2.0,37.25,20.25,5.37,0,1,0,1,1,1,4,1
2393,億光,6.83,2.66,24.14,2.33,35.1,7.0,6.64,1,1,1,1,1,0,5,1
2395,研華,22.76,9.35,39.42,7.25,301.5,29.92,2.4,1,1,1,0,0,1,4,1
2397,友通,14.68,4.51,29.68,4.22,57.6,45.08,7.33,1,1,1,1,1,1,6,1
2399,映泰,0.73,-0.03,11.51,0.7,12.45,7.53,5.62,0,0,0,1,1,0,2,0
2401,凌陽,3.43,0.3,42.12,0.78,23.9,17.36,3.26,0,1,1,0,1,1,4,1
2402,毅嘉,0.79,0.15,7.96,0.81,17.95,14.22,4.51,0,1,0,0,1,1,3,0
2404,漢唐,31.24,11.39,16.98,11.83,154.0,9.02,7.68,1,1,0,1,0,0,3,0
2405,浩鑫,-1.77,-0.19,21.24,0.26,12.95,7.54,2.01,0,0,1,0,1,0,2,0
2406,國碩,-14.01,-2.66,7.76,0.5,18.2,7.74,2.75,0,0,0,0,1,0,1,0
2408,南亞科,21.7,8.31,37.67,3.42,50.2,29.36,6.81,1,1,1,1,1,1,6,1
2409,友達,2.39,0.72,9.22,0.72,0.0,0.0,0.0,0,1,0,0,1,0,2,0
2412,中華電,9.82,4.66,35.01,4.49,110.5,35.29,4.06,1,1,1,0,0,1,4,1
2413,環科,-3.63,-0.47,15.28,0.2,24.25,30.99,0.82,0,0,0,0,1,1,2,0
2414,精技,9.45,1.73,8.88,1.79,28.8,33.29,6.22,1,1,0,1,1,1,5,1
2415,錩新,6.68,1.31,26.64,0.84,23.95,9.69,3.51,1,1,1,0,1,0,4,1
2417,圓剛,6.66,1.13,51.01,0.49,20.9,17.31,2.34,1,1,1,0,1,1,5,1
2419,仲琦,9.29,1.21,21.79,0.87,27.25,90.7,3.19,1,1,1,0,1,1,5,1
2420,新巨,16.17,3.22,37.83,2.61,38.9,22.71,6.71,1,1,1,1,1,1,6,1
2421,建準,16.13,2.68,22.1,1.98,38.9,7.5,5.09,1,1,1,1,1,0,5,1
2423,固緯,12.36,1.92,49.59,1.5,25.1,8.94,5.98,1,1,1,1,1,0,5,1
2424,隴華,-28.59,-3.18,-143.75,0.0,21.15,54.39,0.0,0,0,0,0,1,1,2,0
2425,承啟,6.7,1.06,6.16,0.61,23.3,28.71,2.62,1,1,0,0,1,1,4,1
2426,鼎元,7.18,1.0,19.34,0.79,16.05,8.01,4.92,1,1,0,0,1,0,3,0
2427,三商電,4.36,0.51,28.77,0.33,11.35,53.44,2.91,0,1,1,0,1,1,4,1
2428,興勤,18.57,8.54,37.92,4.72,119.0,21.26,3.97,1,1,1,0,0,1,4,1
2429,銘旺科,-18.72,-1.6,10.12,0.0,11.55,33.4,0.0,0,0,0,0,1,1,2,0
2430,燦坤,6.28,1.8,15.47,1.67,42.0,31.5,3.98,1,1,0,0,1,1,4,1
2431,聯昌,-1.14,-0.13,10.38,0.38,10.8,34.79,3.52,0,0,0,0,1,1,2,0
2433,互盛電,12.33,3.73,31.45,3.58,47.0,27.31,7.62,1,1,1,1,1,1,6,1
2434,統懋,-33.98,-1.85,-32.97,0.0,28.3,79.31,0.0,0,0,0,0,1,1,2,0
2436,偉詮電,8.03,1.26,24.94,1.54,42.75,0.0,3.6,1,1,1,0,1,0,4,1
2438,翔耀,0.96,-0.32,28.77,0.0,13.95,39.55,0.0,0,0,1,0,1,1,3,0
2439,美律,23.26,11.86,15.41,8.21,89.3,8.36,9.19,1,1,0,1,0,0,3,0
2440,太空梭,4.35,0.36,7.94,0.13,12.35,40.19,1.05,0,1,0,0,1,1,3,0
2441,超豐,14.86,4.11,26.46,3.22,49.5,43.93,6.51,1,1,1,1,1,1,6,1
2442,新美齊,7.0,0.89,17.78,0.17,12.5,26.02,1.36,1,1,0,0,1,1,4,1
2443,昶虹,-30.67,-2.14,-9.28,0.0,2.9,9.33,0.0,0,0,0,0,1,0,1,0
2444,兆勁,-3.04,-0.28,13.29,0.24,11.8,0.0,2.03,0,0,0,0,1,0,1,0
2449,京元電子,10.89,2.27,27.92,1.99,31.5,0.0,6.32,1,1,1,1,1,0,5,1
2450,神腦,10.41,2.44,11.92,1.91,30.0,33.53,6.37,1,1,0,1,1,1,5,1
2451,創見,10.5,4.9,22.65,4.91,66.4,3.9,7.39,1,1,1,1,1,0,5,1
2453,凌群,5.6,1.04,22.79,1.12,24.45,21.94,4.58,1,1,1,0,1,1,5,1
2454,聯發科,9.37,16.94,39.12,27.9,566.0,2.69,4.93,1,1,1,0,0,0,3,0
2455,全新,16.25,2.42,38.48,2.82,58.2,6.08,4.85,1,1,1,0,1,0,4,1
2457,飛宏,-2.84,-0.47,12.22,1.88,38.2,28.33,4.92,0,0,0,0,1,1,2,0
2458,義隆,23.49,5.6,44.93,7.38,84.2,0.0,8.76,1,1,1,1,0,0,4,1
2459,敦吉,10.23,4.07,14.69,3.16,50.9,14.21,6.21,1,1,0,1,1,1,5,1
2460,建通,-2.36,-0.33,10.26,0.55,14.2,52.81,3.87,0,0,0,0,1,1,2,0
2461,光群雷,2.93,0.67,23.25,0.68,18.1,8.33,3.76,0,1,1,0,1,0,3,0
2462,良得電,3.55,0.66,10.65,0.64,25.6,0.0,2.5,0,1,0,0,1,0,2,0
2464,盟立,15.99,3.14,18.16,2.3,37.7,13.36,6.1,1,1,0,1,1,1,5,1
2465,麗臺,-16.24,-0.8,13.4,0.2,28.25,0.0,0.71,0,0,0,0,1,0,1,0
2466,冠西電,0.55,0.06,10.2,0.0,32.3,10.27,0.0,0,1,0,0,1,1,3,0
2467,志聖,16.57,2.57,32.21,2.4,46.5,4.22,5.16,1,1,1,1,1,0,5,1
2468,華經,3.72,0.6,11.79,0.44,17.35,65.36,2.54,0,1,0,0,1,1,3,0
2471,資通,9.53,1.49,37.17,1.47,26.55,13.46,5.54,1,1,1,1,1,1,6,1
2472,立隆電,13.75,3.96,25.92,2.43,49.5,0.0,4.91,1,1,1,0,1,0,4,1
2474,可成,15.31,27.1,35.96,11.24,172.5,3.79,6.52,1,1,1,1,0,0,4,1
2476,鉅祥,8.18,1.93,28.06,1.49,46.6,9.75,3.2,1,1,1,0,1,0,4,1
2477,美隆電,8.32,1.4,22.76,1.34,18.55,24.03,7.22,1,1,1,1,1,1,6,1
2478,大毅,10.8,3.26,24.75,2.42,41.0,14.46,5.9,1,1,1,1,1,1,6,1
2480,敦陽科,14.44,3.5,26.33,4.42,81.4,8.91,5.43,1,1,1,1,0,0,4,1
2481,強茂,8.0,1.47,21.84,1.41,57.2,16.3,2.47,1,1,1,0,1,1,5,1
2482,連宇,-1.45,-0.18,41.63,0.19,22.4,20.88,0.85,0,0,1,0,1,1,3,0
2483,百容,6.19,1.35,24.57,1.06,27.2,15.49,3.9,1,1,1,0,1,1,5,1
2484,希華,6.42,1.19,19.82,1.18,33.4,8.85,3.53,1,1,0,0,1,0,3,0
2485,兆赫,1.41,0.37,8.47,1.16,18.4,11.4,6.3,0,1,0,1,1,1,4,1
2486,一詮,-4.51,-0.72,9.66,0.75,19.3,17.44,3.89,0,0,0,0,1,1,2,0
2488,漢平,14.15,3.49,24.43,1.88,28.95,19.49,6.49,1,1,1,1,1,1,6,1
2489,瑞軒,2.25,0.36,10.13,1.2,10.0,11.73,12.0,0,1,0,1,1,1,4,1
2491,吉祥全,18.02,1.34,22.9,0.1,12.4,25.97,0.81,1,1,1,0,1,1,5,1
2492,華新科,27.98,15.45,35.19,7.27,78.4,21.02,9.27,1,1,1,1,1,1,6,1
2493,揚博,12.64,2.54,29.36,2.4,40.95,13.68,5.86,1,1,1,1,1,1,6,1
2495,普安,3.18,0.48,44.79,0.42,16.5,14.33,2.55,0,1,1,0,1,1,4,1
2496,卓越,12.7,5.43,44.9,3.91,46.1,26.75,8.48,1,1,1,1,1,1,6,1
2497,怡利電,-5.07,-0.66,20.3,1.52,78.1,23.92,1.95,0,0,1,0,1,1,3,0
2498,宏達電,-13.85,-7.47,12.72,15.95,55.9,6.63,28.53,0,0,0,1,1,0,2,0
2501,國建,9.18,1.78,24.21,1.18,15.75,2.85,7.49,1,1,1,1,1,0,5,1
2504,國產,-1.05,0.36,6.03,0.87,24.25,14.34,3.59,0,1,0,0,1,1,3,0
2505,國揚,11.7,1.57,28.22,0.58,18.25,7.43,3.18,1,1,1,0,1,0,4,1
2506,太設,1.2,0.09,44.46,0.18,9.19,8.09,1.96,0,1,1,0,1,0,3,0
2509,全坤建,7.96,1.74,36.86,0.78,14.6,0.0,5.34,1,1,1,1,1,0,5,1
2511,太子,4.73,0.73,26.87,0.54,10.9,29.97,4.95,0,1,1,0,1,1,4,1
2514,龍邦,8.13,1.63,48.65,0.27,16.65,32.77,1.62,1,1,1,0,1,1,5,1
2515,中工,1.8,0.24,9.75,0.27,8.1,11.68,3.33,0,1,0,0,1,1,3,0
2516,新建,-9.97,-0.99,-2.66,0.25,4.86,8.77,5.14,0,0,0,1,1,0,2,0
2520,冠德,10.1,2.52,26.98,1.58,25.0,19.12,6.32,1,1,1,1,1,1,6,1
2524,京城,8.24,2.72,39.18,0.74,33.25,13.73,2.23,1,1,1,0,1,1,5,1
2527,宏璟,4.04,1.26,37.68,1.64,20.35,25.44,8.06,0,1,1,1,1,1,5,1
2528,皇普,-5.46,-0.57,24.76,0.19,18.9,67.16,1.01,0,0,1,0,1,1,3,0
2530,華建,0.8,0.13,34.88,0.59,18.1,3.49,3.26,0,1,1,0,1,0,3,0
2534,宏盛,14.01,2.59,43.61,1.14,24.45,6.75,4.66,1,1,1,0,1,0,4,1
2535,達欣工,10.96,2.71,9.15,1.92,31.05,15.88,6.18,1,1,0,1,1,1,5,1
2536,宏普,6.01,2.11,24.65,1.4,22.65,37.18,6.18,1,1,1,1,1,1,6,1
2537,聯上發,1.2,0.18,21.67,0.68,7.41,22.83,9.18,0,1,1,1,1,1,5,1
2538,基泰,-1.1,-0.2,49.31,0.58,12.75,6.14,4.55,0,0,1,0,1,0,2,0
2539,櫻花建,15.65,2.25,31.07,0.62,32.05,19.83,1.93,1,1,1,0,1,1,5,1
2540,愛山林,7.03,2.14,43.67,0.9,97.0,0.0,0.93,1,1,1,0,0,0,3,0
2542,興富發,13.24,3.61,28.92,2.5,38.9,4.26,6.43,1,1,1,1,1,0,5,1
2543,皇昌,-2.91,-0.28,1.15,0.12,8.69,50.41,1.38,0,0,0,0,1,1,2,0
2545,皇翔,8.99,2.93,34.6,3.06,40.75,45.04,7.51,1,1,1,1,1,1,6,1
2546,根基,15.19,3.65,6.41,2.87,48.85,34.18,5.88,1,1,0,1,1,1,5,1
2547,日勝生,-1.65,-0.3,37.76,0.65,9.59,13.27,6.78,0,0,1,1,1,1,4,1
2548,華固,14.41,8.22,29.69,6.44,88.8,15.47,7.25,1,1,1,1,0,1,5,1
2597,潤弘,13.66,4.89,14.41,5.43,82.1,47.57,6.61,1,1,0,1,0,1,4,1
2601,益航,1.92,-0.01,67.71,0.3,8.72,11.39,3.44,0,0,1,0,1,1,3,0
2603,長榮,5.77,1.05,7.69,4.36,155.5,0.0,2.8,1,1,0,0,0,0,2,0
2605,新興,2.29,0.49,20.46,0.48,19.9,4.85,2.41,0,1,1,0,1,0,3,0
2606,裕民,3.53,1.01,10.16,1.82,39.65,40.63,4.59,0,1,0,0,1,1,3,0
2607,榮運,3.68,0.77,15.46,0.34,33.0,48.83,1.03,0,1,0,0,1,1,3,0
2608,嘉里大榮,14.94,2.79,19.82,1.59,37.65,0.0,4.22,1,1,0,0,1,0,3,0
2609,陽明,-12.49,-1.75,3.69,4.25,65.1,32.23,6.53,0,0,0,1,1,1,3,0
2610,華航,1.54,0.13,11.14,0.42,20.35,39.83,2.06,0,1,0,0,1,1,3,0
2611,志信,-1.44,-0.16,22.94,0.37,14.2,26.58,2.61,0,0,1,0,1,1,3,0
2612,中航,2.65,1.32,21.36,1.44,35.6,22.39,4.04,0,1,1,0,1,1,4,1
2613,中櫃,1.53,0.42,10.11,0.53,26.15,35.35,2.03,0,1,0,0,1,1,3,0
2614,東森,14.4,1.47,28.68,0.86,20.55,5.56,4.18,1,1,1,0,1,0,4,1
2615,萬海,10.47,1.77,12.12,2.68,73.2,3.04,3.66,1,1,0,0,1,0,3,0
2616,山隆,9.68,2.79,9.02,2.12,33.6,24.98,6.31,1,1,0,1,1,1,5,1
2617,台航,4.85,1.17,18.17,1.14,26.15,43.43,4.36,0,1,0,0,1,1,3,0
2618,長榮航,6.04,0.78,12.13,0.35,29.15,28.58,1.2,1,1,0,0,1,1,4,1
2630,亞航,5.79,0.76,11.68,0.54,16.75,70.58,3.22,1,1,0,0,1,1,4,1
2633,台灣高鐵,10.26,1.21,40.65,0.98,28.55,0.0,3.43,1,1,1,0,1,0,4,1
2634,漢翔,12.46,1.76,12.43,0.84,33.45,36.35,2.51,1,1,0,0,1,1,4,1
2636,台驊投控,11.74,2.62,17.57,4.17,67.1,0.0,6.21,1,1,0,1,1,0,4,1
2637,慧洋-KY,4.2,1.97,20.48,2.18,58.9,27.68,3.7,0,1,1,0,1,1,4,1
2642,宅配通,7.49,1.34,16.57,1.35,45.6,45.9,2.96,1,1,0,0,1,1,4,1
2701,萬企,4.62,0.76,56.16,0.29,12.2,19.96,2.38,0,1,1,0,1,1,4,1
2702,華園,-0.42,0.04,77.4,0.32,23.15,19.47,1.38,0,1,1,0,1,1,4,1
2704,國賓,3.36,0.91,37.28,0.58,31.0,21.18,1.87,0,1,1,0,1,1,4,1
2705,六福,-26.85,-2.58,21.75,0.04,17.45,13.76,0.23,0,0,1,0,1,1,3,0
2706,第一店,5.12,0.9,73.01,0.29,14.6,19.81,1.99,1,1,1,0,1,1,5,1
2707,晶華,28.76,8.49,32.59,7.57,192.0,10.49,3.94,1,1,1,0,0,1,4,1
2712,遠雄來,2.02,0.25,31.09,0.63,34.6,0.0,1.82,0,1,1,0,1,0,3,0
2722,夏都,4.3,0.72,45.03,0.3,35.05,58.0,0.86,0,1,1,0,1,1,4,1
2727,王品,9.55,4.82,47.07,4.44,136.5,8.01,3.25,1,1,1,0,0,0,3,0
2731,雄獅,6.62,2.19,12.31,3.92,96.8,20.68,4.05,1,1,0,0,0,1,3,0
2739,寒舍,2.99,0.53,35.08,1.5,28.7,40.94,5.23,0,1,1,1,1,1,5,1
2748,雲品,15.98,2.82,30.87,1.6,50.8,68.59,3.15,1,1,1,0,1,1,5,1
2801,彰銀,0.0,1.15,0.0,0.47,17.05,25.12,2.76,0,1,0,0,1,1,3,0
2809,京城銀,0.0,3.89,0.0,1.68,31.95,3.96,5.26,0,1,0,1,1,0,3,0
2812,台中銀,0.0,1.11,0.0,0.3,13.15,3.2,2.28,0,1,0,0,1,0,2,0
2816,旺旺保,12.37,2.69,32.93,0.86,14.9,20.88,5.77,1,1,1,1,1,1,6,1
2820,華票,0.0,1.07,0.0,0.8,14.75,34.22,5.42,0,1,0,1,1,1,4,1
2832,台產,7.75,1.82,38.49,0.97,20.05,26.58,4.84,1,1,1,0,1,1,5,1
2834,臺企銀,0.0,0.9,0.0,0.19,12.8,0.0,1.48,0,1,0,0,1,0,2,0
2836,高雄銀,0.0,0.62,0.0,0.27,12.6,58.32,2.14,0,1,0,0,1,1,3,0
2838,聯邦銀,0.0,1.02,0.0,0.13,14.55,11.39,0.89,0,1,0,0,1,1,3,0
2845,遠東銀,0.0,0.97,0.0,0.42,10.8,6.74,3.89,0,1,0,0,1,0,2,0
2849,安泰銀,0.0,1.07,0.0,0.76,14.2,28.51,5.35,0,1,0,1,1,1,4,1
2850,新產,14.38,4.67,32.28,2.28,46.05,6.35,4.95,1,1,1,0,1,0,4,1
2851,中再保,10.46,2.01,11.8,1.18,19.95,56.89,5.91,1,1,0,1,1,1,5,1
2852,第一保,7.48,1.44,30.53,0.72,13.95,0.0,5.16,1,1,1,1,1,0,5,1
2855,統一證,8.22,1.53,0.0,1.26,14.75,7.38,8.54,1,1,0,1,1,0,4,1
2867,三商壽,7.6,1.25,4.14,0.06,6.48,38.49,0.93,1,1,0,0,1,1,4,1
2880,華南金,7.69,1.14,0.0,0.53,22.0,25.26,2.41,1,1,0,0,1,1,4,1
2881,富邦金,11.57,5.69,0.0,2.56,50.7,26.22,5.05,1,1,0,1,1,1,5,1
2882,國泰金,9.5,4.48,0.0,2.4,40.5,1.33,5.93,1,1,0,1,1,0,4,1
2883,開發金,5.81,0.7,0.0,0.61,12.35,1.27,4.94,1,1,0,0,1,0,3,0
2884,玉山金,10.84,1.55,0.0,0.68,25.3,1.81,2.69,1,1,0,0,1,0,3,0
2885,元大金,8.5,1.57,0.0,0.96,19.5,4.64,4.92,1,1,0,0,1,0,3,0
2886,兆豐金,8.47,1.92,0.0,1.58,31.0,20.59,5.1,1,1,0,1,1,1,5,1
2887,台新金,8.18,1.15,0.0,0.56,13.75,4.24,4.07,1,1,0,0,1,0,3,0
2888,新光金,6.89,0.98,0.0,0.35,8.28,3.63,4.23,1,1,0,0,1,0,3,0
2889,國票金,7.29,0.88,0.0,0.61,11.65,6.81,5.24,1,1,0,1,1,0,4,1
2890,永豐金,7.26,0.93,0.0,0.67,16.95,2.7,3.95,1,1,0,0,1,0,3,0
2891,中信金,11.37,1.9,0.0,1.08,20.45,1.46,5.28,1,1,0,1,1,0,4,1
2892,第一金,8.52,1.4,0.0,0.97,25.5,18.99,3.8,1,1,0,0,1,1,4,1
2897,王道銀行,0.0,0.48,0.0,0.33,8.24,27.38,4.0,0,1,0,0,1,1,3,0
2901,欣欣,3.31,0.39,86.68,0.29,23.3,57.82,1.24,0,1,1,0,1,1,4,1
2903,遠百,5.13,1.1,50.7,0.93,19.1,0.0,4.87,1,1,1,0,1,0,4,1
2904,匯僑,12.59,1.78,42.83,1.43,18.95,34.17,7.55,1,1,1,1,1,1,6,1
2905,三商,9.31,2.37,0.0,0.86,14.6,0.0,5.89,1,1,0,1,1,0,4,1
2906,高林,3.68,0.25,23.87,0.36,17.45,31.24,2.06,0,1,1,0,1,1,4,1
2908,特力,7.89,1.11,27.85,1.11,20.9,13.08,5.31,1,1,1,1,1,1,6,1
2910,統領,3.3,0.43,65.33,0.58,30.7,19.09,1.89,0,1,1,0,1,1,4,1
2911,麗嬰房,-3.66,-0.41,44.62,0.78,6.74,18.1,11.57,0,0,1,1,1,1,4,1
2912,統一超,35.85,13.82,33.74,12.16,275.0,45.9,4.42,1,1,1,0,0,1,4,1
2913,農林,0.9,0.19,40.76,0.48,20.75,35.0,2.31,0,1,1,0,1,1,4,1
2915,潤泰全,31.47,13.69,50.92,4.3,51.0,6.76,8.43,1,1,1,1,1,0,5,1
2923,鼎固-KY,5.05,1.56,53.71,1.14,0.0,58.5,0.0,1,1,1,0,1,1,5,1
2929,淘帝-KY,6.99,5.1,21.46,3.36,10.7,0.0,31.4,1,1,1,1,1,0,5,1
2939,凱羿-KY,35.71,9.6,27.55,8.24,32.3,8.08,25.51,1,1,1,1,1,0,5,1
3002,歐格,3.14,0.45,29.57,0.33,12.4,25.98,2.66,0,1,1,0,1,1,4,1
3003,健和興,9.75,2.76,33.7,1.56,73.3,7.4,2.13,1,1,1,0,1,0,4,1
3004,豐達科,13.94,4.25,28.13,1.83,68.9,0.0,2.66,1,1,1,0,1,0,4,1
3005,神基,14.76,3.79,28.05,3.1,43.0,34.13,7.21,1,1,1,1,1,1,6,1
3006,晶豪科,10.35,2.69,17.15,2.95,68.5,5.29,4.31,1,1,0,0,1,0,3,0
3008,大立光,26.0,187.68,68.25,56.03,1845.0,18.61,3.04,1,1,1,0,0,1,4,1
3010,華立,12.63,6.12,8.47,4.2,85.7,13.51,4.9,1,1,0,0,0,1,3,0
3011,今皓,-5.56,-0.55,11.4,0.04,14.6,10.44,0.27,0,0,0,0,1,1,2,0
3013,晟銘電,6.98,0.85,10.8,0.34,14.3,0.0,2.38,1,1,0,0,1,0,3,0
3014,聯陽,13.44,3.43,51.42,4.7,60.1,10.46,7.82,1,1,1,1,1,1,6,1
3015,全漢,3.42,1.58,11.38,2.12,38.2,23.57,5.55,0,1,0,1,1,1,4,1
3016,嘉晶,3.81,0.5,10.47,0.64,77.3,62.43,0.83,0,1,0,0,1,1,3,0
3017,奇鋐,12.11,3.02,13.12,2.14,110.5,17.38,1.94,1,1,0,0,0,1,3,0
3018,同開,-11.21,-0.96,5.1,0.26,9.24,5.71,2.81,0,0,0,0,1,0,1,0
3019,亞光,6.85,2.42,18.95,2.12,59.2,6.98,3.58,1,1,0,0,1,0,3,0
3021,鴻名,9.59,1.19,23.13,0.58,23.7,0.0,2.45,1,1,1,0,1,0,4,1
3022,威強電,12.83,3.66,33.89,1.6,58.0,14.91,2.76,1,1,1,0,1,1,5,1
3023,信邦,21.88,6.68,25.26,5.41,285.0,8.48,1.9,1,1,1,0,0,0,3,0
3024,憶聲,8.2,0.76,20.36,0.21,13.05,13.1,1.61,1,1,1,0,1,1,5,1
3025,星通,4.26,0.49,47.69,0.48,24.8,13.52,1.94,0,1,1,0,1,1,4,1
3026,禾伸堂,12.17,7.52,21.95,7.66,87.5,8.9,8.75,1,1,1,1,0,0,4,1
3027,盛達,-0.3,-0.05,33.2,0.15,25.25,19.5,0.59,0,0,1,0,1,1,3,0
3028,增你強,7.88,1.72,5.48,1.97,26.1,12.21,7.55,1,1,0,1,1,1,5,1
3029,零壹,13.01,2.38,10.11,2.28,38.8,7.04,5.88,1,1,0,1,1,0,4,1
3030,德律,15.49,3.49,54.54,3.32,63.5,18.86,5.23,1,1,1,1,1,1,6,1
3031,佰鴻,5.55,0.92,23.17,0.8,14.9,31.68,5.37,1,1,1,1,1,1,6,1
3032,偉訓,12.96,3.27,16.97,2.28,27.9,30.28,8.17,1,1,0,1,1,1,5,1
3033,威健,9.44,1.54,5.68,1.45,25.55,10.83,5.68,1,1,0,1,1,1,5,1
3034,聯詠,22.91,11.89,31.04,18.7,238.5,4.49,7.84,1,1,1,1,0,0,4,1
3035,智原,7.57,1.62,49.32,1.78,136.5,14.06,1.3,1,1,1,0,0,1,4,1
3036,文曄,11.81,4.69,3.88,3.03,61.7,23.2,4.91,1,1,0,0,1,1,4,1
3037,欣興,4.66,1.48,11.54,1.44,120.0,14.31,1.2,0,1,0,0,0,1,2,0
3038,全台,8.68,1.07,18.86,0.9,20.55,18.3,4.38,1,1,0,0,1,1,4,1
3040,遠見,17.69,4.5,60.36,4.04,29.5,26.36,13.69,1,1,1,1,1,1,6,1
3041,揚智,-11.34,-1.81,30.39,1.89,20.3,1.11,9.31,0,0,1,1,1,0,3,0
3042,晶技,10.08,3.05,25.56,3.66,72.0,6.58,5.08,1,1,1,1,1,0,5,1
3043,科風,-61.93,-0.11,20.77,0.22,7.7,0.73,2.86,0,0,1,0,1,0,2,0
3044,健鼎,15.55,9.53,19.14,6.55,93.3,4.92,7.02,1,1,0,1,0,0,3,0
3045,台灣大,20.86,4.87,28.39,4.9,93.2,5.86,5.26,1,1,1,1,0,0,4,1
3046,建碁,-21.2,-1.94,26.3,0.06,54.3,85.13,0.11,0,0,1,0,1,1,3,0
3047,訊舟,3.46,0.04,25.9,0.41,17.2,6.08,2.38,0,1,1,0,1,0,3,0
3048,益登,11.26,1.71,3.02,1.6,28.3,21.15,5.65,1,1,0,1,1,1,5,1
3049,和鑫,2.53,0.31,17.1,0.22,10.0,8.12,2.2,0,1,0,0,1,0,2,0
3050,鈺德,4.49,0.68,35.07,0.52,15.75,22.26,3.3,0,1,1,0,1,1,4,1
3051,力特,-9.27,-0.46,19.69,0.0,17.9,13.74,0.0,0,0,0,0,1,1,2,0
3052,夆典,4.14,0.6,5.45,0.51,9.91,7.75,5.15,0,1,0,1,1,0,3,0
3054,立萬利,1.82,0.23,-0.79,0.7,20.25,54.3,3.46,0,1,0,0,1,1,3,0
3055,蔚華科,1.77,0.41,19.8,0.52,25.4,31.89,2.05,0,1,0,0,1,1,3,0
3056,總太,14.86,3.24,27.92,2.48,31.7,14.81,7.82,1,1,1,1,1,1,6,1
3057,喬鼎,-19.22,-1.77,34.25,1.01,11.1,11.58,9.1,0,0,1,1,1,1,4,1
3058,立德,-2.3,-0.29,13.08,0.29,9.97,5.65,2.91,0,0,0,0,1,0,1,0
3059,華晶科,1.03,0.33,16.03,0.54,35.5,0.0,1.52,0,1,0,0,1,0,2,0
3060,銘異,-5.29,-1.07,6.8,1.82,17.85,6.28,10.2,0,0,0,1,1,0,2,0
3062,建漢,2.54,0.44,7.5,0.22,25.15,3.05,0.87,0,1,0,0,1,0,2,0
3090,日電貿,19.42,4.22,18.7,3.92,50.0,5.63,7.84,1,1,0,1,1,0,4,1
3092,鴻碩,18.72,4.1,26.37,2.88,36.9,9.02,7.8,1,1,1,1,1,0,5,1
3094,聯傑,4.01,0.57,67.6,0.86,25.9,10.39,3.32,0,1,1,0,1,1,4,1
3130,一零四,20.41,9.31,89.93,9.14,190.5,14.71,4.8,1,1,1,0,0,1,4,1
3138,耀登,8.95,1.52,42.54,1.38,145.0,13.32,0.95,1,1,1,0,0,1,4,1
3149,正達,-12.14,-0.98,-9.0,0.6,21.35,9.6,2.81,0,0,0,0,1,0,1,0
3164,景岳,1.02,0.2,63.27,0.92,24.65,13.6,3.73,0,1,1,0,1,1,4,1
3167,大量,17.38,3.89,28.59,3.0,46.65,14.12,6.43,1,1,1,1,1,1,6,1
3189,景碩,1.15,0.72,20.0,1.9,100.5,25.44,1.89,0,1,1,0,0,1,3,0
3209,全科,11.26,1.83,4.19,1.38,34.05,7.82,4.05,1,1,0,0,1,0,3,0
3229,晟鈦,-22.07,-1.32,10.44,0.16,24.5,75.72,0.65,0,0,0,0,1,1,2,0
3231,緯創,9.8,1.99,4.61,1.82,26.8,2.8,6.79,1,1,0,1,1,0,4,1
3257,虹冠電,8.12,1.85,45.48,2.99,39.4,39.35,7.59,1,1,1,1,1,1,6,1
3266,昇陽,1.24,0.3,16.63,0.72,10.9,13.01,6.61,0,1,0,1,1,1,4,1
3296,勝德,3.36,0.55,16.89,0.56,18.1,11.9,3.09,0,1,0,0,1,1,3,0
3305,昇貿,3.89,1.23,12.77,1.39,41.65,11.04,3.34,0,1,0,0,1,1,3,0
3308,聯德,-9.27,-0.84,7.43,0.14,12.3,29.55,1.14,0,0,0,0,1,1,2,0
3311,閎暉,-4.53,-1.52,12.3,1.35,33.0,47.2,4.09,0,0,0,0,1,1,2,0
3312,弘憶股,4.63,0.49,5.03,0.64,17.3,32.54,3.7,0,1,0,0,1,1,3,0
3321,同泰,-30.55,-3.15,3.4,0.68,9.1,16.71,7.47,0,0,0,1,1,1,3,0
3338,泰碩,13.03,2.2,22.27,1.38,33.7,20.0,4.09,1,1,1,0,1,1,5,1
3346,麗清,10.61,2.12,17.93,1.55,36.35,10.42,4.26,1,1,0,0,1,1,4,1
3356,奇偶,1.85,0.52,39.96,2.52,33.25,18.72,7.58,0,1,1,1,1,1,5,1
3376,新日興,9.3,6.64,24.94,4.49,88.7,9.13,5.06,1,1,1,1,0,0,4,1
3380,明泰,4.0,0.79,15.06,0.85,29.5,66.97,2.88,0,1,0,0,1,1,3,0
3383,新世紀,-52.08,-3.47,-34.31,0.0,0.0,0.0,0.0,0,0,0,0,1,0,1,0
3406,玉晶光,13.69,14.11,38.97,6.79,363.0,9.96,1.87,1,1,1,0,0,0,3,0
3413,京鼎,25.82,11.9,22.58,6.53,190.0,7.99,3.44,1,1,1,0,0,0,3,0
3416,融程電,10.27,2.99,36.01,3.32,79.9,44.79,4.16,1,1,1,0,1,1,5,1
3419,譁裕,0.98,0.16,20.61,0.2,16.65,10.0,1.2,0,1,1,0,1,1,4,1
3432,台端,4.71,1.03,34.66,0.37,20.05,18.35,1.85,0,1,1,0,1,1,4,1
3437,榮創,-3.89,-0.76,9.41,0.89,17.15,2.96,5.19,0,0,0,1,1,0,2,0
3443,創意,18.97,5.79,28.91,5.4,608.0,34.84,0.89,1,1,1,0,0,1,4,1
3450,聯鈞,17.68,4.76,25.76,2.04,40.95,8.03,4.98,1,1,1,0,1,0,4,1
3481,群創,2.06,0.51,9.92,0.48,0.0,0.0,0.0,0,1,0,0,1,0,2,0
3494,誠研,-21.43,-1.72,6.99,0.61,9.93,6.74,6.14,0,0,0,1,1,0,2,0
3501,維熹,10.12,4.88,27.95,2.84,46.75,21.25,6.07,1,1,1,1,1,1,6,1
3504,揚明光,-2.27,-0.7,19.8,1.3,86.0,33.85,1.51,0,0,0,0,0,1,1,0
3515,華擎,10.46,5.31,20.47,6.6,88.8,46.55,7.43,1,1,1,1,0,1,5,1
3518,柏騰,-12.27,-3.13,14.5,1.1,23.75,8.59,4.63,0,0,0,0,1,0,1,0
3528,安馳,12.73,2.77,12.75,2.8,49.95,59.73,5.61,1,1,0,1,1,1,5,1
3530,晶相光,14.01,2.57,24.2,2.46,72.1,22.63,3.41,1,1,1,0,1,1,5,1
3532,台勝科,11.32,4.42,26.03,3.79,143.0,74.63,2.65,1,1,1,0,0,1,4,1
3533,嘉澤,15.77,16.27,34.62,10.78,811.0,9.23,1.33,1,1,1,0,0,0,3,0
3535,晶彩科,-0.52,-0.06,24.03,0.6,27.05,0.0,2.22,0,0,1,0,1,0,2,0
3536,誠創,-23.43,-0.95,8.81,0.0,4.65,23.73,0.0,0,0,0,0,1,1,2,0
3543,州巧,-1.01,-0.26,13.63,0.86,20.1,19.14,4.28,0,0,0,0,1,1,2,0
3545,敦泰,-3.1,-0.97,20.79,4.12,67.9,6.53,6.07,0,0,1,1,1,0,3,0
3550,聯穎,4.84,1.12,19.74,0.76,14.1,12.74,5.39,0,1,0,1,1,1,4,1
3557,嘉威,6.59,1.87,-17.53,2.42,49.6,8.68,4.88,1,1,0,0,1,0,3,0
3563,牧德,39.17,16.2,64.63,6.8,128.5,10.19,5.29,1,1,1,1,0,1,5,1
3576,聯合再生,-25.03,-3.1,-9.85,1.02,21.7,12.3,4.7,0,0,0,0,1,1,2,0
3583,辛耘,14.08,4.13,36.22,2.17,69.7,14.02,3.11,1,1,1,0,1,1,5,1
3588,通嘉,3.83,1.06,34.47,1.23,51.0,8.22,2.41,0,1,1,0,1,0,3,0
3591,艾笛森,-3.16,-0.8,15.94,0.26,15.65,8.82,1.66,0,0,0,0,1,0,1,0
3592,瑞鼎,14.1,9.07,23.76,15.2,221.5,16.34,6.86,1,1,1,1,0,1,5,1
3593,力銘,-13.75,-1.09,9.27,0.76,13.85,55.55,5.49,0,0,0,1,1,1,3,0
3596,智易,11.96,6.04,14.03,4.68,100.5,18.81,4.66,1,1,0,0,0,1,3,0
3605,宏致,4.88,1.78,21.78,0.81,30.05,15.31,2.7,0,1,1,0,1,1,4,1
3607,谷崧,-12.34,-4.13,2.43,1.26,12.65,10.16,9.96,0,0,0,1,1,1,3,0
3617,碩天,13.59,7.06,42.64,4.41,96.1,18.63,4.59,1,1,1,0,0,1,4,1
3622,洋華,1.36,0.37,14.11,0.76,27.75,33.68,2.74,0,1,0,0,1,1,3,0
3645,達邁,11.03,2.18,32.22,1.24,32.9,15.45,3.77,1,1,1,0,1,1,5,1
3653,健策,9.87,4.57,26.81,4.51,418.5,25.89,1.08,1,1,1,0,0,1,4,1
3661,世芯-KY,10.03,5.33,29.72,4.82,919.0,3.01,0.52,1,1,1,0,0,0,3,0
3665,貿聯-KY,17.01,12.26,25.07,8.16,287.0,3.13,2.84,1,1,1,0,0,0,3,0
3673,TPK-KY,1.37,1.19,4.42,2.19,32.6,19.51,6.72,0,1,0,1,1,1,4,1
3679,新至陞,10.71,6.69,24.78,6.42,84.5,27.93,7.6,1,1,1,1,0,1,5,1
3682,亞太電,-13.93,-1.24,3.53,0.23,6.25,9.61,3.68,0,0,0,0,1,0,1,0
3686,達能,-33.07,-2.49,-66.97,0.2,0.0,0.0,0.0,0,0,0,0,1,0,1,0
3694,海華,2.18,0.26,12.03,0.6,19.4,48.28,3.09,0,1,0,0,1,1,3,0
3701,大眾控,5.18,0.39,13.13,0.0,38.2,22.25,0.0,1,1,0,0,1,1,4,1
3702,大聯大,12.57,4.02,4.15,2.82,47.2,7.04,5.97,1,1,0,1,1,0,4,1
3703,欣陸,4.14,1.19,11.37,1.02,30.2,32.77,3.38,0,1,0,0,1,1,3,0
3704,合勤控,0.13,0.02,22.56,0.37,0.0,0.0,0.0,0,1,1,0,1,0,3,0
3705,永信,10.59,2.56,44.06,2.02,39.55,15.64,5.11,1,1,1,1,1,1,6,1
3706,神達,7.73,3.07,12.88,1.36,27.45,17.13,4.95,1,1,0,0,1,1,4,1
3708,上緯投控,11.4,6.01,20.19,3.18,98.7,12.48,3.22,1,1,1,0,0,1,4,1
4104,佳醫,6.59,3.56,19.35,3.22,64.9,10.99,4.96,1,1,0,0,1,1,4,1
4106,雃博,6.11,1.21,42.68,0.6,25.0,33.7,2.4,1,1,1,0,1,1,5,1
4108,懷特,-9.87,-1.03,52.43,0.0,18.25,17.86,0.0,0,0,1,0,1,1,3,0
4119,旭富,12.59,5.02,39.53,3.37,91.3,32.31,3.69,1,1,1,0,0,1,4,1
4133,亞諾法,3.31,0.66,46.04,0.47,34.8,13.02,1.35,0,1,1,0,1,1,4,1
4137,麗豐-KY,24.74,12.42,82.6,10.72,160.0,35.31,6.7,1,1,1,1,0,1,5,1
4142,國光生,-13.38,-1.25,-13.42,0.1,35.1,17.31,0.28,0,0,0,0,1,1,2,0
4148,全宇生技-KY,11.97,3.24,27.73,1.71,60.1,0.47,2.85,1,1,1,0,1,0,4,1
4155,訊映,10.1,1.76,23.28,1.52,25.1,9.83,6.06,1,1,1,1,1,0,5,1
4164,承業醫,4.29,1.64,29.92,1.78,43.45,0.0,4.1,0,1,1,0,1,0,3,0
4190,佐登-KY,19.81,5.85,73.76,3.3,72.0,40.96,4.58,1,1,1,0,1,1,5,1
4306,炎洲,2.39,0.54,13.11,0.6,14.0,13.66,4.29,0,1,0,0,1,1,3,0
4414,如興,-10.08,-1.2,12.38,0.0,0.0,0.0,0.0,0,0,0,0,1,0,1,0
4426,利勤,11.33,2.29,28.82,0.49,23.95,9.79,2.05,1,1,1,0,1,0,4,1
4438,廣越,10.86,6.97,14.71,5.09,139.0,40.26,3.66,1,1,0,0,0,1,3,0
4526,東台,-0.32,-0.12,20.72,0.4,13.95,14.29,2.87,0,0,1,0,1,1,3,0
4532,瑞智,10.3,1.96,15.45,0.97,17.4,37.11,5.57,1,1,0,1,1,1,5,1
4536,拓凱,14.5,8.04,30.45,5.1,157.0,21.36,3.25,1,1,1,0,0,1,4,1
4540,全球傳動,8.21,2.06,23.56,1.44,37.55,9.59,3.83,1,1,1,0,1,0,4,1
4545,銘鈺,2.62,0.6,21.8,0.49,27.8,70.08,1.76,0,1,1,0,1,1,4,1
4551,智伸科,18.44,6.83,28.97,4.06,164.5,12.55,2.47,1,1,1,0,0,1,4,1
4552,力達-KY,14.37,6.64,22.42,2.22,28.8,47.94,7.71,1,1,1,1,1,1,6,1
4555,氣立,5.04,1.93,37.11,1.7,50.0,29.44,3.4,1,1,1,0,1,1,5,1
4557,永新-KY,14.07,5.32,33.08,4.6,116.5,20.95,3.95,1,1,1,0,0,1,4,1
4560,強信-KY,14.34,3.21,39.33,2.55,39.85,40.05,6.4,1,1,1,1,1,1,6,1
4562,穎漢,4.84,0.8,34.1,1.2,14.8,29.25,8.11,0,1,1,1,1,1,5,1
4564,元翎,10.11,2.26,29.45,1.7,25.25,17.13,6.73,1,1,1,1,1,1,6,1
4566,時碩工業,10.39,2.78,21.91,1.68,56.8,35.7,2.96,1,1,1,0,1,1,5,1
4720,德淵,4.9,0.59,19.97,0.29,15.35,30.98,1.89,0,1,0,0,1,1,3,0
4722,國精化,12.16,2.94,17.06,1.86,34.4,18.36,5.41,1,1,0,1,1,1,5,1
4737,華廣,5.61,2.1,44.44,2.44,77.0,39.32,3.17,1,1,1,0,1,1,5,1
4739,康普,8.92,3.23,10.56,2.33,96.1,26.42,2.42,1,1,0,0,0,1,3,0
4746,台耀,5.45,2.77,34.74,1.87,49.8,11.05,3.76,1,1,1,0,1,1,5,1
4755,三福化,11.84,3.95,19.3,3.16,116.0,0.0,2.72,1,1,0,0,0,0,2,0
4763,材料-KY,21.76,6.26,28.13,3.68,129.5,56.78,2.84,1,1,1,0,0,1,4,1
4764,雙鍵,15.77,4.37,21.9,1.92,49.9,9.54,3.85,1,1,1,0,1,0,4,1
4766,南寶,13.11,9.65,27.62,5.8,136.0,16.72,4.26,1,1,1,0,0,1,4,1
4807,日成-KY,17.13,2.64,25.42,2.43,19.5,43.0,12.46,1,1,1,1,1,1,6,1
4904,遠傳,13.69,2.99,35.22,3.45,68.3,32.94,5.05,1,1,1,1,1,1,6,1
4906,正文,5.58,1.45,11.74,1.29,28.5,4.19,4.53,1,1,0,0,1,0,3,0
4912,聯德控股-KY,16.57,6.79,21.81,0.88,83.1,0.0,1.06,1,1,1,0,0,0,3,0
4915,致伸,15.1,4.46,11.84,2.8,63.6,3.64,4.4,1,1,0,0,1,0,3,0
4916,事欣科,4.69,1.67,21.81,1.29,22.9,16.81,5.63,0,1,1,1,1,1,5,1
4919,新唐,14.66,2.81,39.48,2.39,113.0,52.5,2.12,1,1,1,0,0,1,4,1
4927,泰鼎-KY,10.59,3.81,16.36,2.65,52.6,1.57,5.04,1,1,0,1,1,0,4,1
4930,燦星網,2.31,0.09,16.02,2.62,25.65,44.41,10.21,0,1,0,1,1,1,4,1
4934,太極,-21.05,-2.22,-5.1,0.4,26.05,27.17,1.54,0,0,0,0,1,1,2,0
4935,茂林-KY,9.1,4.48,19.13,2.76,53.5,18.23,5.16,1,1,0,1,1,1,5,1
4938,和碩,9.56,6.51,3.85,4.3,58.2,6.07,7.39,1,1,0,1,1,0,4,1
4942,嘉彰,7.2,3.57,21.3,2.34,33.85,15.2,6.91,1,1,1,1,1,1,6,1
4943,康控-KY,15.14,4.54,33.07,2.45,11.5,30.12,21.3,1,1,1,1,1,1,6,1
4952,凌通,14.79,2.87,34.99,3.02,47.7,34.32,6.33,1,1,1,1,1,1,6,1
4956,光鋐,-1.25,-0.24,17.0,0.5,14.9,19.33,3.36,0,0,0,0,1,1,2,0
4958,臻鼎-KY,13.39,8.01,19.31,4.35,109.0,32.75,3.99,1,1,0,0,0,1,3,0
4960,誠美材,-7.64,-1.44,-0.55,1.15,10.35,2.77,11.11,0,0,0,1,1,0,2,0
4961,天鈺,10.5,2.38,20.13,4.46,100.5,8.25,4.44,1,1,1,0,0,0,3,0
4967,十銓,18.12,2.47,7.96,1.06,0.0,0.0,0.0,1,1,0,0,1,0,3,0
4968,立積,22.32,5.04,34.38,2.3,102.0,8.29,2.25,1,1,1,0,0,0,3,0
4976,佳凌,-1.77,-0.25,8.16,0.75,38.8,21.78,1.93,0,0,0,0,1,1,2,0
4977,眾達-KY,18.0,5.56,25.95,4.16,112.0,18.48,3.71,1,1,1,0,0,1,4,1
4989,榮科,15.6,1.9,13.16,1.51,24.1,62.74,6.27,1,1,0,1,1,1,5,1
4994,傳奇,3.1,0.45,69.19,1.35,38.05,28.89,3.55,0,1,1,0,1,1,4,1
4999,鑫禾,12.24,5.23,33.82,2.8,36.2,17.13,7.73,1,1,1,1,1,1,6,1
5007,三星,15.71,3.23,23.16,2.6,52.6,9.48,4.94,1,1,1,0,1,0,4,1
5203,訊連,7.14,3.31,87.63,2.46,90.1,19.23,2.73,1,1,1,0,0,1,4,1
5215,科嘉-KY,11.78,4.74,25.94,3.9,49.0,11.71,7.96,1,1,1,1,1,1,6,1
5222,全訊,25.18,2.88,50.96,1.7,130.5,8.92,1.3,1,1,1,0,0,0,3,0
5225,東科-KY,1.06,0.45,11.89,0.85,36.1,1.79,2.35,0,1,0,0,1,0,2,0
5234,達興材料,22.24,5.54,32.01,5.06,63.7,0.0,7.94,1,1,1,1,1,0,5,1
5243,乙盛-KY,7.16,2.5,15.29,1.68,65.4,35.58,2.57,1,1,0,0,1,1,4,1
5244,弘凱,11.38,1.82,40.73,1.8,24.3,20.24,7.41,1,1,1,1,1,1,6,1
5258,虹堡,4.63,0.57,26.99,0.81,61.4,16.62,1.32,0,1,1,0,1,1,4,1
5269,祥碩,34.34,17.92,48.21,15.99,713.0,35.34,2.24,1,1,1,0,0,1,4,1
5283,禾聯碩,28.05,11.5,39.3,4.03,104.0,24.46,3.88,1,1,1,0,0,1,4,1
5284,jpp-KY,9.52,3.64,32.84,2.41,51.2,0.0,4.71,1,1,1,0,1,0,4,1
5285,界霖,12.01,2.91,17.42,3.11,67.5,17.7,4.61,1,1,0,0,1,1,4,1
5288,豐祥-KY,19.12,8.1,18.1,4.6,185.0,58.82,2.49,1,1,0,0,0,1,3,0
5306,桂盟,21.71,8.67,43.18,3.69,140.5,38.65,2.63,1,1,1,0,0,1,4,1
5388,中磊,15.15,4.52,14.42,2.62,86.1,5.07,3.04,1,1,0,0,0,0,2,0
5434,崇越,18.07,8.36,12.26,6.56,157.0,10.26,4.18,1,1,0,0,0,1,3,0
5469,瀚宇博,7.84,3.95,16.05,1.57,30.2,26.1,5.2,1,1,0,1,1,1,5,1
5471,松翰,13.95,2.65,39.98,3.68,48.65,10.95,7.56,1,1,1,1,1,1,6,1
5484,慧友,-11.33,-0.91,19.0,0.32,13.6,24.18,2.35,0,0,0,0,1,1,2,0
5515,建國,4.17,0.65,8.97,0.67,11.45,27.02,5.85,0,1,0,1,1,1,4,1
5519,隆大,10.24,1.88,20.48,1.3,21.9,23.48,5.94,1,1,1,1,1,1,6,1
5521,工信,2.23,0.25,6.35,0.3,6.74,3.82,4.45,0,1,0,0,1,0,2,0
5522,遠雄,6.87,3.55,25.56,2.4,58.8,0.0,4.08,1,1,1,0,1,0,4,1
5525,順天,7.82,1.52,29.23,0.9,24.95,19.17,3.61,1,1,1,0,1,1,5,1
5531,鄉林,2.67,0.32,32.77,0.0,9.58,25.74,0.0,0,1,1,0,1,1,4,1
5533,皇鼎,3.2,0.82,25.76,0.7,17.1,10.08,4.09,0,1,1,0,1,1,4,1
5534,長虹,21.72,10.89,35.95,5.78,71.9,9.99,8.04,1,1,1,1,1,0,5,1
5538,東明-KY,14.0,3.15,15.95,2.2,43.0,25.61,5.12,1,1,0,1,1,1,5,1
5607,遠雄港,8.28,1.8,52.49,0.88,58.9,17.78,1.49,1,1,1,0,1,1,5,1
5608,四維航,-16.45,-2.49,-3.83,1.2,28.2,9.29,4.26,0,0,0,0,1,0,1,0
5706,鳳凰,12.93,2.32,16.51,1.24,58.6,28.6,2.12,1,1,0,0,1,1,4,1
5871,中租-KY,21.14,9.77,63.95,4.72,186.5,4.47,2.53,1,1,1,0,0,0,3,0
5876,上海商銀,0.0,3.16,0.0,1.87,48.85,3.24,3.83,0,1,0,0,1,0,2,0
5880,合庫金,7.52,1.23,0.0,0.84,25.8,27.68,3.26,1,1,0,0,1,1,4,1
5906,台南-KY,-8.81,-0.53,55.69,0.54,30.05,33.27,1.8,0,0,1,0,1,1,3,0
5907,大洋-KY,3.33,1.74,75.86,1.41,13.9,56.83,10.14,0,1,1,1,1,1,5,1
6005,群益證,7.57,1.04,0.0,0.83,10.4,3.26,7.98,1,1,0,1,1,0,4,1
6024,群益期,15.05,4.01,0.0,2.53,34.8,56.58,7.27,1,1,0,1,1,1,5,1
6108,競國,8.53,2.01,14.53,1.4,16.35,12.91,8.56,1,1,0,1,1,1,5,1
6112,邁達特,13.07,2.73,9.94,2.2,31.7,0.0,6.94,1,1,0,1,1,0,4,1
6115,鎰勝,11.06,2.99,20.14,2.92,41.15,11.82,7.1,1,1,1,1,1,1,6,1
6116,彩晶,8.37,1.03,23.7,0.56,12.25,12.3,4.57,1,1,1,0,1,1,5,1
6117,迎廣,-5.35,-0.69,16.4,0.47,14.45,37.97,3.25,0,0,0,0,1,1,2,0
6120,達運,-1.14,-0.15,4.34,0.4,9.36,28.65,4.27,0,0,0,0,1,1,2,0
6128,上福,12.29,2.74,39.3,1.58,28.1,28.05,5.62,1,1,1,1,1,1,6,1
6133,金橋,0.98,0.13,21.16,0.27,23.65,2.16,1.14,0,1,1,0,1,0,3,0
6136,富爾特,4.6,1.13,22.82,1.41,17.9,7.81,7.88,0,1,1,1,1,0,4,1
6139,亞翔,6.13,2.37,7.5,1.4,30.4,26.39,4.61,1,1,0,0,1,1,4,1
6141,柏承,8.74,1.34,15.12,0.5,20.0,10.83,2.5,1,1,0,0,1,1,4,1
6142,友勁,-8.7,-0.83,8.46,0.35,9.61,64.16,3.64,0,0,0,0,1,1,2,0
6152,百一,-9.02,-0.96,12.72,1.57,10.6,10.93,14.81,0,0,0,1,1,1,3,0
6153,嘉聯益,3.47,0.89,13.81,0.22,27.05,25.87,0.81,0,1,0,0,1,1,3,0
6155,鈞寶,5.24,0.85,26.52,0.82,20.8,22.8,3.94,1,1,1,0,1,1,5,1
6164,華興,1.34,0.19,27.8,0.56,10.2,11.39,5.49,0,1,1,1,1,1,5,1
6165,浪凡,-0.34,-0.03,10.29,0.01,25.6,0.08,0.04,0,0,0,0,1,0,1,0
6166,凌華,7.71,1.61,39.34,1.14,51.7,31.18,2.21,1,1,1,0,1,1,5,1
6168,宏齊,3.22,0.45,18.7,1.12,16.75,21.94,6.69,0,1,0,1,1,1,4,1
6176,瑞儀,17.51,9.61,15.96,7.16,99.0,3.95,7.23,1,1,0,1,0,0,3,0
6177,達麗,12.63,2.26,30.44,1.98,27.1,5.98,7.31,1,1,1,1,1,0,5,1
6183,關貿,12.87,1.83,41.21,1.75,69.7,48.92,2.51,1,1,1,0,1,1,5,1
6184,大豐電,6.76,2.05,40.67,2.8,48.15,11.67,5.82,1,1,1,1,1,1,6,1
6189,豐藝,13.38,2.6,8.2,2.61,36.65,10.31,7.12,1,1,0,1,1,1,5,1
6191,精成科,5.74,1.67,13.85,0.79,26.4,0.0,2.99,1,1,0,0,1,0,3,0
6192,巨路,14.22,5.89,30.14,3.46,0.0,0.0,0.0,1,1,1,0,1,0,4,1
6196,帆宣,12.97,3.99,11.59,3.21,112.0,51.85,2.87,1,1,0,0,0,1,3,0
6197,佳必琪,9.17,2.19,21.17,2.52,38.8,33.83,6.49,1,1,1,1,1,1,6,1
6201,亞弘電,10.78,2.94,20.36,2.66,0.0,15.9,0.0,1,1,1,0,1,1,5,1
6202,盛群,23.06,4.18,48.21,5.11,66.8,7.49,7.65,1,1,1,1,1,0,5,1
6205,詮欣,9.02,2.17,31.19,1.48,79.2,13.17,1.87,1,1,1,0,1,1,5,1
6206,飛捷,15.77,5.19,32.49,4.4,68.3,19.88,6.44,1,1,1,1,1,1,6,1
6209,今國光,-3.17,-0.66,6.06,0.88,25.6,0.0,3.44,0,0,0,0,1,0,1,0
6213,聯茂,21.5,5.88,16.65,4.38,58.5,18.43,7.49,1,1,0,1,1,1,5,1
6214,精誠,10.38,5.52,25.8,5.0,67.0,9.36,7.46,1,1,1,1,1,0,5,1
6215,和椿,4.76,0.67,25.88,0.78,20.9,20.16,3.73,0,1,1,0,1,1,4,1
6216,居易,12.25,2.16,50.16,1.81,26.15,19.7,6.92,1,1,1,1,1,1,6,1
6224,聚鼎,17.36,4.63,48.87,3.85,54.4,22.63,7.08,1,1,1,1,1,1,6,1
6225,天瀚,-195.35,-0.13,-85.99,0.0,9.2,8.66,0.0,0,0,0,0,1,0,1,0
6226,光鼎,3.06,0.34,29.58,0.17,10.6,12.31,1.6,0,1,1,0,1,1,4,1
6230,尼得科超眾,18.36,8.16,22.1,3.1,101.5,0.0,3.05,1,1,1,0,0,0,3,0
6235,華孚,17.59,2.11,17.81,0.46,34.5,21.71,1.33,1,1,0,0,1,1,4,1
6239,力成,14.25,7.57,20.41,5.12,77.1,6.57,6.64,1,1,1,1,1,0,5,1
6243,迅杰,-12.84,-1.06,23.87,0.89,28.0,24.41,3.18,0,0,1,0,1,1,3,0
6251,定穎,2.71,0.47,11.25,0.69,0.0,0.0,0.0,0,1,0,0,1,0,2,0
6257,矽格,12.19,3.08,28.47,2.6,45.25,5.18,5.75,1,1,1,1,1,0,5,1
6269,台郡,15.02,9.14,21.63,5.02,91.7,7.63,5.47,1,1,1,1,0,0,4,1
6271,同欣電,9.15,6.14,24.98,5.79,169.5,9.29,3.42,1,1,1,0,0,0,3,0
6277,宏正,25.81,8.89,59.44,3.2,76.5,12.84,4.18,1,1,1,0,1,1,5,1
6278,台表科,10.27,4.35,10.52,2.94,84.1,8.66,3.5,1,1,0,0,0,0,2,0
6281,全國電,19.7,4.79,19.28,4.4,81.1,12.51,5.43,1,1,0,1,0,1,4,1
6282,康舒,10.91,1.79,15.31,1.04,29.6,24.79,3.51,1,1,0,0,1,1,4,1
6283,淳安,1.92,0.26,18.94,0.1,33.4,47.45,0.3,0,1,0,0,1,1,3,0
6285,啟碁,12.38,4.89,12.49,2.86,87.6,24.83,3.26,1,1,0,0,0,1,3,0
6288,聯嘉,6.44,0.82,19.86,0.56,22.75,21.2,2.46,1,1,0,0,1,1,4,1
6289,華上,-202.08,-0.63,-99.05,0.0,0.0,0.0,0.0,0,0,0,0,1,0,1,0
6405,悅城,1.25,0.36,16.26,0.82,19.7,13.61,4.16,0,1,0,0,1,1,3,0
6409,旭隼,39.42,22.01,28.77,22.25,1395.0,17.77,1.59,1,1,1,0,0,1,4,1
6412,群電,20.04,4.13,16.54,3.5,68.6,59.47,5.1,1,1,0,1,1,1,5,1
6414,樺漢,14.44,13.72,22.08,6.36,195.5,33.81,3.25,1,1,1,0,0,1,4,1
6415,矽力*-KY,18.73,24.45,47.52,9.68,460.0,0.0,2.1,1,1,1,0,0,0,3,0
6416,瑞祺電通,19.8,5.45,20.71,3.1,94.1,27.48,3.29,1,1,1,0,0,1,4,1
6426,統新,9.21,2.39,46.42,1.9,74.3,14.41,2.56,1,1,1,0,1,1,5,1
6431,光麗-KY,-19.59,-2.36,-45.12,1.0,20.65,2.72,4.84,0,0,0,0,1,0,1,0
6438,迅得,15.19,4.0,27.52,3.75,92.0,13.82,4.08,1,1,1,0,0,1,4,1
6442,光聖,3.85,1.32,17.22,1.41,46.65,11.77,3.02,0,1,0,0,1,1,3,0
6443,元晶,-12.99,-1.21,0.33,0.0,39.0,1.3,0.0,0,0,0,0,1,0,1,0
6449,鈺邦,11.91,2.51,26.87,1.55,40.1,21.99,3.87,1,1,1,0,1,1,5,1
6451,訊芯-KY,9.24,5.21,24.49,2.72,88.5,59.52,3.07,1,1,1,0,0,1,4,1
6456,GIS-KY,21.09,12.74,9.79,5.1,84.7,23.63,6.02,1,1,0,1,0,1,4,1
6464,台數科,11.27,6.14,47.85,4.33,91.0,6.67,4.76,1,1,1,0,0,0,3,0
6477,安集,7.87,1.49,20.13,0.77,45.55,16.35,1.69,1,1,1,0,1,1,5,1
6491,晶碩,20.47,7.0,48.97,3.7,374.0,41.71,0.99,1,1,1,0,0,1,4,1
6504,南六,23.48,10.18,21.08,5.44,71.3,14.3,7.63,1,1,1,1,1,1,6,1
6505,台塑化,16.32,5.46,10.94,2.54,80.0,75.82,3.18,1,1,0,0,0,1,3,0
6525,捷敏-KY,20.94,5.69,31.65,4.1,68.9,51.53,5.95,1,1,1,1,1,1,6,1
6531,愛普*,8.87,3.37,22.61,2.8,157.0,0.0,1.78,1,1,1,0,0,0,3,0
6533,晶心科,1.24,0.37,99.73,1.5,412.5,18.73,0.36,0,1,1,0,0,1,3,0
6541,泰福-KY,-54.58,-7.86,0.0,0.0,49.05,31.45,0.0,0,0,0,0,1,1,2,0
6550,北極星藥業-KY,-96.05,-3.19,0.0,0.0,123.5,70.17,0.0,0,0,0,0,0,1,1,0
6552,易華電,10.73,2.11,18.89,1.56,32.75,52.87,4.76,1,1,0,0,1,1,4,1
6558,興能高,12.32,1.74,24.2,0.9,19.15,16.19,4.7,1,1,1,0,1,1,5,1
6573,虹揚-KY,1.81,0.54,14.6,0.25,13.7,1.99,1.82,0,1,0,0,1,0,2,0
6579,研揚,12.13,5.31,32.18,3.63,74.6,60.52,4.87,1,1,1,0,1,1,5,1
6581,鋼聯,23.37,5.43,51.68,3.99,93.0,72.31,4.29,1,1,1,0,0,1,4,1
6582,申豐,21.93,7.14,31.05,7.31,52.0,49.7,14.06,1,1,1,1,1,1,6,1
6585,鼎基,2.58,0.98,18.43,2.1,51.3,37.57,4.09,0,1,0,0,1,1,3,0
6591,動力-KY,16.93,5.33,27.71,2.34,41.6,20.83,5.62,1,1,1,1,1,1,6,1
6592,和潤企業,14.65,4.62,59.39,3.3,102.0,68.36,3.24,1,1,1,0,0,1,4,1
6598,ABC-KY,-61.43,-4.13,47.12,0.0,27.9,0.0,0.0,0,0,1,0,1,0,2,0
6605,帝寶,6.82,5.27,25.74,1.92,71.0,14.78,2.7,1,1,1,0,1,1,5,1
6625,必應,4.77,0.43,14.99,0.47,30.0,13.58,1.57,0,1,0,0,1,1,3,0
6641,基士德-KY,17.98,5.5,39.3,3.47,54.0,13.09,6.43,1,1,1,1,1,1,6,1
6655,科定,11.02,3.12,52.46,4.8,135.5,22.25,3.54,1,1,1,0,0,1,4,1
6666,羅麗芬-KY,60.13,6.69,61.64,3.5,69.1,43.86,5.07,1,1,1,1,1,1,6,1
6668,中揚光,16.19,2.96,44.47,0.96,38.1,24.63,2.52,1,1,1,0,1,1,5,1
6669,緯穎,46.43,27.97,6.27,20.01,811.0,39.99,2.47,1,1,0,0,0,1,3,0
6670,復盛應用,48.52,13.43,23.69,9.32,182.0,7.82,5.12,1,1,1,1,0,0,4,1
6671,三能-KY,15.75,4.35,38.59,3.0,38.45,2.68,7.8,1,1,1,1,1,0,5,1
6672,騰輝電子-KY,39.5,6.59,25.14,3.83,62.1,14.13,6.17,1,1,1,1,1,1,6,1
6674,鋐寶科技,7.84,2.18,12.69,1.4,24.75,47.73,5.66,1,1,0,1,1,1,5,1
6691,洋基工程,25.07,12.81,15.51,10.46,171.0,21.78,6.12,1,1,0,1,0,1,4,1
6715,嘉基,6.28,2.24,20.68,1.32,141.5,51.37,0.93,1,1,1,0,0,1,4,1
8011,台通,-1.68,0.08,14.54,0.99,15.1,19.46,6.56,0,1,0,1,1,1,4,1
8016,矽創,24.23,8.98,29.83,11.3,174.5,6.54,6.48,1,1,1,1,0,0,4,1
8021,尖點,5.39,1.61,28.82,1.34,25.6,9.87,5.23,1,1,1,1,1,0,5,1
8028,昇陽半導體,10.19,1.69,31.17,1.32,53.4,5.5,2.47,1,1,1,0,1,0,4,1
8033,雷虎,-7.74,-0.66,35.26,0.0,19.4,3.19,0.0,0,0,1,0,1,0,2,0
8039,台虹,9.38,3.26,20.96,2.5,40.1,11.19,6.23,1,1,1,1,1,1,6,1
8046,南電,0.59,0.23,3.64,3.06,204.0,66.97,1.5,0,1,0,0,0,1,2,0
8070,長華*,15.58,11.45,13.27,2.36,31.85,0.0,7.41,1,1,0,1,1,0,4,1
8072,陞泰,-0.73,-0.3,15.29,0.35,23.5,39.16,1.49,0,0,0,0,1,1,2,0
8081,致新,13.77,6.98,33.84,8.5,123.0,10.73,6.91,1,1,1,1,0,1,5,1
8101,華冠,-44.01,-2.41,2.65,0.06,6.34,12.44,0.95,0,0,0,0,1,1,2,0
8103,瀚荃,8.12,2.49,30.31,1.29,32.0,11.27,4.03,1,1,1,0,1,1,5,1
8104,錸寶,27.48,6.1,22.37,1.81,34.6,33.52,5.23,1,1,1,1,1,1,6,1
8105,凌巨,-0.63,-0.08,10.82,0.12,11.8,34.65,1.02,0,0,0,0,1,1,2,0
8110,華東,4.09,0.79,7.78,0.35,11.9,38.91,2.94,0,1,0,0,1,1,3,0
8112,至上,19.89,3.83,2.77,3.1,34.45,6.39,9.0,1,1,0,1,1,0,4,1
8114,振樺電,19.63,6.73,36.19,4.58,133.0,9.37,3.44,1,1,1,0,0,0,3,0
8131,福懋科,11.81,2.94,17.75,2.4,36.9,62.71,6.5,1,1,0,1,1,1,5,1
8150,南茂,11.09,2.71,19.52,1.96,30.9,11.74,6.34,1,1,0,1,1,1,5,1
8163,達方,9.89,3.1,17.64,2.66,39.65,22.9,6.71,1,1,0,1,1,1,5,1
8201,無敵,-7.78,-1.0,15.72,0.3,11.3,40.95,2.65,0,0,0,0,1,1,2,0
8210,勤誠,22.36,5.99,27.79,3.72,74.6,12.39,4.99,1,1,1,0,1,1,5,1
8213,志超,9.62,4.33,14.28,2.95,34.1,6.6,8.65,1,1,0,1,1,0,4,1
8215,明基材,5.34,0.68,14.14,0.84,29.15,40.25,2.88,1,1,0,0,1,1,4,1
8222,寶一,3.33,0.44,16.98,0.57,23.9,15.84,2.38,0,1,0,0,1,1,3,0
8249,菱光,6.22,1.65,13.92,1.34,21.6,27.24,6.2,1,1,0,1,1,1,5,1
8261,富鼎,7.11,1.3,16.46,1.8,106.5,10.8,1.69,1,1,0,0,0,1,3,0
8271,宇瞻,13.41,3.39,15.64,2.51,41.8,19.03,6.0,1,1,0,1,1,1,5,1
8341,日友,30.3,7.55,61.29,7.34,148.0,37.73,4.96,1,1,1,0,0,1,4,1
8367,建新國際,9.23,2.17,31.64,1.48,33.75,38.02,4.39,1,1,1,0,1,1,5,1
8374,羅昇,4.45,0.73,16.88,0.56,28.25,71.86,1.98,0,1,0,0,1,1,3,0
8404,百和興業-KY,9.26,1.5,36.68,0.92,28.6,59.78,3.22,1,1,1,0,1,1,5,1
8411,福貞-KY,2.04,0.74,12.72,0.28,14.35,4.6,1.95,0,1,0,0,1,0,2,0
8422,可寧衛,23.85,11.9,67.17,10.2,177.5,16.35,5.75,1,1,1,1,0,1,5,1
8429,金麗-KY,3.87,1.46,14.67,0.28,9.9,24.29,2.83,0,1,0,0,1,1,3,0
8438,昶昕,2.43,0.46,10.57,0.8,27.3,50.73,2.93,0,1,0,0,1,1,3,0
8442,威宏-KY,3.57,1.04,15.99,1.6,73.8,30.91,2.17,0,1,0,0,1,1,3,0
8443,阿瘦,-3.8,-0.8,55.84,0.26,11.15,12.94,2.33,0,0,1,0,1,1,3,0
8454,富邦媒,23.64,10.34,10.42,9.7,550.0,55.55,1.76,1,1,0,0,0,1,3,0
8462,柏文,24.81,6.1,30.62,4.05,117.5,36.52,3.45,1,1,1,0,0,1,4,1
8463,潤泰材,5.63,0.89,12.47,0.71,19.65,46.72,3.61,1,1,0,0,1,1,4,1
8464,億豐,32.35,13.8,49.66,10.2,251.5,26.27,4.06,1,1,1,0,0,1,4,1
8466,美吉吉-KY,16.72,6.4,25.94,3.36,39.45,40.73,8.52,1,1,1,1,1,1,6,1
8467,波力-KY,5.86,1.72,26.93,1.7,55.8,9.87,3.05,1,1,1,0,1,0,4,1
8473,山林水,6.92,2.65,25.68,1.88,29.75,66.94,6.32,1,1,1,1,1,1,6,1
8478,東哥遊艇,9.78,3.36,27.41,2.12,277.5,38.73,0.76,1,1,1,0,0,1,4,1
8480,泰昇-KY,23.13,8.58,32.4,4.94,84.2,64.82,5.87,1,1,1,1,0,1,5,1
8481,政伸,24.96,5.11,47.13,4.5,57.0,36.38,7.89,1,1,1,1,1,1,6,1
8482,商億-KY,37.29,9.0,39.96,7.36,68.7,0.0,10.71,1,1,1,1,1,0,5,1
8488,吉源-KY,2.38,1.05,12.04,0.56,0.0,8.31,0.0,0,1,0,0,1,0,2,0
8499,鼎炫-KY,25.43,8.67,47.88,6.21,107.0,48.51,5.8,1,1,1,1,0,1,5,1
8926,台汽電,8.0,1.61,14.93,1.63,33.1,34.16,4.92,1,1,0,0,1,1,4,1
8940,新天地,-1.74,-0.31,47.96,0.79,16.5,21.43,4.79,0,0,1,0,1,1,3,0
8996,高力,9.27,1.94,27.51,1.64,130.5,4.51,1.26,1,1,1,0,0,0,3,0
9802,鈺齊-KY,13.03,5.77,19.29,2.7,162.5,3.41,1.66,1,1,0,0,0,0,2,0
9902,台火,1.34,0.16,6.08,0.34,10.3,20.88,3.3,0,1,0,0,1,1,3,0
9904,寶成,10.21,3.62,24.97,1.35,27.75,7.67,4.86,1,1,1,0,1,0,4,1
9905,大華,7.39,1.75,14.43,1.34,24.8,0.0,5.4,1,1,0,1,1,0,4,1
9906,欣巴巴,-1.48,-0.08,23.44,0.13,46.5,50.07,0.28,0,0,1,0,1,1,3,0
9907,統一實,4.66,0.58,10.82,0.58,18.1,48.06,3.2,0,1,0,0,1,1,3,0
9908,大台北,6.81,1.52,21.35,1.1,30.05,12.66,3.66,1,1,1,0,1,1,5,1
9910,豐泰,32.95,7.03,23.76,4.7,160.5,17.69,2.93,1,1,1,0,0,1,4,1
9911,櫻花,18.3,3.57,34.58,2.94,62.2,9.92,4.73,1,1,1,0,1,0,4,1
9912,偉聯,-5.71,-0.55,31.04,2.2,9.54,6.43,23.06,0,0,1,1,1,0,3,0
9914,美利達,15.81,7.31,13.39,4.94,177.5,24.23,2.78,1,1,0,0,0,1,3,0
9917,中保科,17.74,4.26,36.45,4.4,99.0,0.0,4.44,1,1,1,0,0,0,3,0
9918,欣天然,8.8,1.45,24.44,1.4,42.0,40.79,3.33,1,1,1,0,1,1,5,1
9919,康那香,3.32,0.56,18.32,0.81,16.4,25.49,4.94,0,1,0,0,1,1,3,0
9921,巨大,15.03,8.7,21.2,6.14,204.0,17.71,3.01,1,1,1,0,0,1,4,1
9924,福興,14.05,3.94,22.82,2.4,41.15,11.04,5.83,1,1,1,1,1,1,6,1
9925,新保,9.0,2.33,33.66,1.98,38.9,16.01,5.09,1,1,1,1,1,1,6,1
9926,新海,12.07,1.98,24.19,1.72,0.0,0.0,0.0,1,1,1,0,1,0,4,1
9927,泰銘,12.01,2.89,9.65,2.68,35.1,38.48,7.64,1,1,0,1,1,1,5,1
9928,中視,-31.48,-1.68,-11.74,0.0,24.7,51.33,0.0,0,0,0,0,1,1,2,0
9929,秋雨,13.25,1.32,9.12,0.08,8.59,8.54,0.93,1,1,0,0,1,0,3,0
9930,中聯資源,16.03,3.16,16.3,1.9,45.25,0.0,4.2,1,1,0,0,1,0,3,0
9931,欣高,10.25,1.84,17.79,1.14,38.5,24.83,2.96,1,1,0,0,1,1,4,1
9933,中鼎,11.46,2.31,7.3,2.35,46.6,9.05,5.04,1,1,0,1,1,0,4,1
9934,成霖,5.17,0.82,28.14,0.98,11.55,6.52,8.48,1,1,1,1,1,0,5,1
9935,慶豐富,13.56,1.35,19.03,0.46,17.3,10.3,2.66,1,1,0,0,1,1,4,1
9937,全國,15.17,2.37,11.35,2.08,0.0,0.0,0.0,1,1,0,0,1,0,3,0
9938,百和,15.89,5.07,37.63,3.02,57.6,7.42,5.24,1,1,1,1,1,0,5,1
9939,宏全,10.18,4.48,19.67,3.15,83.5,8.2,3.77,1,1,0,0,0,0,2,0
9940,信義,15.15,2.32,29.68,1.9,29.25,32.56,6.5,1,1,1,1,1,1,6,1
9941,裕融,16.03,8.42,45.61,5.22,146.0,44.08,3.58,1,1,1,0,0,1,4,1
9942,茂順,15.57,5.41,34.37,4.36,99.9,15.6,4.36,1,1,1,0,0,1,4,1
9943,好樂迪,18.89,5.08,56.09,3.76,59.0,38.23,6.37,1,1,1,1,1,1,6,1
9944,新麗,1.38,0.27,23.48,0.6,20.1,26.69,2.99,0,1,1,0,1,1,4,1
9945,潤泰新,19.79,7.05,23.39,1.6,53.6,27.81,2.99,1,1,1,0,1,1,5,1
9946,三發地產,10.59,2.02,33.76,0.5,12.25,0.0,4.08,1,1,1,0,1,0,4,1
9955,佳龍,-6.34,-1.15,0.32,0.8,18.2,39.16,4.4,0,0,0,0,1,1,2,0
9958,世紀鋼,5.95,1.6,14.84,1.51,66.0,18.91,2.29,1,1,0,0,1,1,4,1
